[
    {
        "client_msg_id": "e4e390a4-7ee6-47ed-accb-40e6301071e7",
        "type": "message",
        "text": "카카오브레인에서 머신 러닝을 위한 최적화 라이브러리 <https:\/\/github.com\/kakaobrain\/trident|Trident>를 오픈 소스로 개발하기 시작하였습니다. PyTorch보다 더 빠른 추론, 훈련 속도를 제공하고자 합니다. 아직 걸음마 단계라 구현된 기능이 많이 없지만 많은 관심 부탁드려요. 좋아보인다 싶으시면 스타도 부탁드려요. 스타는 제가 개발을 신나게 하는데 많은 도움이 됩니다. 감사합니다.",
        "user": "U053HE028DD",
        "ts": "1682818016.611439",
        "blocks": [
            {
                "type": "rich_text",
                "block_id": "5\/G3l",
                "elements": [
                    {
                        "type": "rich_text_section",
                        "elements": [
                            {
                                "type": "text",
                                "text": "카카오브레인에서 머신 러닝을 위한 최적화 라이브러리 "
                            },
                            {
                                "type": "link",
                                "url": "https:\/\/github.com\/kakaobrain\/trident",
                                "text": "Trident"
                            },
                            {
                                "type": "text",
                                "text": "를 오픈 소스로 개발하기 시작하였습니다. PyTorch보다 더 빠른 추론, 훈련 속도를 제공하고자 합니다. 아직 걸음마 단계라 구현된 기능이 많이 없지만 많은 관심 부탁드려요. 좋아보인다 싶으시면 스타도 부탁드려요. 스타는 제가 개발을 신나게 하는데 많은 도움이 됩니다. 감사합니다."
                            }
                        ]
                    }
                ]
            }
        ],
        "team": "T04MCQMEXQ9",
        "user_team": "T04MCQMEXQ9",
        "source_team": "T04MCQMEXQ9",
        "user_profile": {
            "avatar_hash": "18a896fb2852",
            "image_72": "https:\/\/avatars.slack-edge.com\/2023-04-19\/5157706812480_18a896fb2852c200bcc4_72.jpg",
            "first_name": "장대명",
            "real_name": "장대명",
            "display_name": "장대명\/카카오브레인",
            "team": "T04MCQMEXQ9",
            "name": "dm86.jang",
            "is_restricted": false,
            "is_ultra_restricted": false
        },
        "attachments": [
            {
                "image_url": "https:\/\/repository-images.githubusercontent.com\/634393418\/62525f5a-e94d-49f3-8649-24684d8aef7e",
                "image_width": 1280,
                "image_height": 640,
                "image_bytes": 349587,
                "from_url": "https:\/\/github.com\/kakaobrain\/trident",
                "service_icon": "https:\/\/a.slack-edge.com\/80588\/img\/unfurl_icons\/github.png",
                "id": 1,
                "original_url": "https:\/\/github.com\/kakaobrain\/trident",
                "fallback": "GitHub: GitHub - kakaobrain\/trident: A performance library for machine learning applications.",
                "text": "A performance library for machine learning applications. - GitHub - kakaobrain\/trident: A performance library for machine learning applications.",
                "title": "GitHub - kakaobrain\/trident: A performance library for machine learning applications.",
                "title_link": "https:\/\/github.com\/kakaobrain\/trident",
                "service_name": "GitHub"
            }
        ],
        "reactions": [
            {
                "name": "heart",
                "users": [
                    "U04M0CV8DHR",
                    "U04LTMXAU3Y",
                    "U04M091M3MZ",
                    "U04MQ2J38JC",
                    "U04MQ1B2BGQ",
                    "U04LXEQS5PF",
                    "U055HQZL08M",
                    "U055LN30A1G"
                ],
                "count": 8
            }
        ]
    }
]