[
    {
        "type": "message",
        "user": "U04MADK8SF4",
        "upload": false,
        "ts": "1677064180.000000",
        "text": "",
        "subtype": "message_deleted",
        "editor_id": "U04MADK8SF4",
        "original": {
            "client_msg_id": "d5a9679d-cfbc-4998-aabd-e81bf9e9ca22",
            "type": "message",
            "text": "감사합니다.  fpga타겟으로 vit sw 및 HW 구현하려고 하는데 추천해주신 논문들이 유용할 것 같네요!   앞으로 정보 공유하면 좋을 것 같습니다!",
            "user": "U04MADK8SF4",
            "ts": "1675183854.538749",
            "blocks": [
                {
                    "type": "rich_text",
                    "block_id": "KLX",
                    "elements": [
                        {
                            "type": "rich_text_section",
                            "elements": [
                                {
                                    "type": "text",
                                    "text": "감사합니다.  fpga타겟으로 vit sw 및 HW 구현하려고 하는데 추천해주신 논문들이 유용할 것 같네요!   앞으로 정보 공유하면 좋을 것 같습니다!"
                                }
                            ]
                        }
                    ]
                }
            ],
            "team": "T04MCQMEXQ9",
            "user_team": "T04MCQMEXQ9",
            "source_team": "T04MCQMEXQ9",
            "user_profile": {
                "avatar_hash": "ac279726e360",
                "image_72": "https:\/\/avatars.slack-edge.com\/2023-01-31\/4717863271974_ac279726e360270a1098_72.png",
                "first_name": "정민우\/인하대",
                "real_name": "정민우\/인하대",
                "display_name": "정민우\/인하대",
                "team": "T04MCQMEXQ9",
                "name": "jeongminwu",
                "is_restricted": false,
                "is_ultra_restricted": false
            },
            "edited": {
                "user": "U04MADK8SF4",
                "ts": "1675228102.000000"
            }
        },
        "deleted_by": "U04MADK8SF4"
    }
]