[
    {
        "client_msg_id": "1bcb1baa-e2e8-451c-898d-1390eb6fe0f5",
        "type": "message",
        "text": "드디어 오늘 읽었는데, 개인적으로는 서비스 측면에서 활용하려면 조금 더 개선이 필요하지 않을까 하는 생각이 들었습니다.\n• DDIM 기준으로 169M parameter를 step별로 저장해야 하니 fp16이라면 step마다 약 322MB정도 되고,\n• 그러면 50 step에 대략 15.7GB 정도 더 저장해야 하는데,\n• 논문에서 제안하는 것처럼 edit 비율을 줄이기 위해 incremental edit을 전부 저장한다고 치면 edit 한번마다 15.7GB를 저장해야 하는 셈이니\n혹시 되돌리기 기능을 포기하고 딱 현재 state만 저장한다 해도 유저마다 - image마다 15.7GB씩 더 저장하고 그걸 GPU에 올렸다 내렸다 하는 것이 현실적인지 생각해볼 필요가 있지 않나.. 싶었습니다.",
        "user": "U04MQ6GUEPJ",
        "ts": "1677079165.741169",
        "blocks": [
            {
                "type": "rich_text",
                "block_id": "eEiwy",
                "elements": [
                    {
                        "type": "rich_text_section",
                        "elements": [
                            {
                                "type": "text",
                                "text": "드디어 오늘 읽었는데, 개인적으로는 서비스 측면에서 활용하려면 조금 더 개선이 필요하지 않을까 하는 생각이 들었습니다.\n"
                            }
                        ]
                    },
                    {
                        "type": "rich_text_list",
                        "elements": [
                            {
                                "type": "rich_text_section",
                                "elements": [
                                    {
                                        "type": "text",
                                        "text": "DDIM 기준으로 169M parameter를 step별로 저장해야 하니 fp16이라면 step마다 약 322MB정도 되고,"
                                    }
                                ]
                            },
                            {
                                "type": "rich_text_section",
                                "elements": [
                                    {
                                        "type": "text",
                                        "text": "그러면 50 step에 대략 15.7GB 정도 더 저장해야 하는데,"
                                    }
                                ]
                            },
                            {
                                "type": "rich_text_section",
                                "elements": [
                                    {
                                        "type": "text",
                                        "text": "논문에서 제안하는 것처럼 edit 비율을 줄이기 위해 incremental edit을 전부 저장한다고 치면 edit 한번마다 15.7GB를 저장해야 하는 셈이니"
                                    }
                                ]
                            }
                        ],
                        "style": "bullet",
                        "indent": 0,
                        "border": 0
                    },
                    {
                        "type": "rich_text_section",
                        "elements": [
                            {
                                "type": "text",
                                "text": "혹시 되돌리기 기능을 포기하고 딱 현재 state만 저장한다 해도 유저마다 - image마다 15.7GB씩 더 저장하고 그걸 GPU에 올렸다 내렸다 하는 것이 현실적인지 생각해볼 필요가 있지 않나.. 싶었습니다."
                            }
                        ]
                    }
                ]
            }
        ],
        "team": "T04MCQMEXQ9",
        "user_team": "T04MCQMEXQ9",
        "source_team": "T04MCQMEXQ9",
        "user_profile": {
            "avatar_hash": "4f46bd3b3243",
            "image_72": "https:\/\/avatars.slack-edge.com\/2023-01-29\/4738220981376_4f46bd3b32438f0de44d_72.png",
            "first_name": "김태수\/스퀴즈비츠",
            "real_name": "김태수\/스퀴즈비츠",
            "display_name": "",
            "team": "T04MCQMEXQ9",
            "name": "taesu.kim",
            "is_restricted": false,
            "is_ultra_restricted": false
        },
        "thread_ts": "1675592585.090869",
        "parent_user_id": "U04MQ2J38JC",
        "reactions": [
            {
                "name": "raised_hands",
                "users": [
                    "U04LL3W56F9"
                ],
                "count": 1
            },
            {
                "name": "+1",
                "users": [
                    "U04MQ2J38JC"
                ],
                "count": 1
            }
        ]
    }
]