[
    {
        "client_msg_id": "cae6228e-8080-4b98-83ba-1f30242010b3",
        "type": "message",
        "text": "오픈소스 ML 컴파일러 관련하여 공유합니다 :slightly_smiling_face:\n<https:\/\/opensource.googleblog.com\/2023\/03\/openxla-is-ready-to-accelerate-and-simplify-ml-development.html>",
        "user": "U04M091M3MZ",
        "ts": "1678420879.579259",
        "blocks": [
            {
                "type": "rich_text",
                "block_id": "XFr8h",
                "elements": [
                    {
                        "type": "rich_text_section",
                        "elements": [
                            {
                                "type": "text",
                                "text": "오픈소스 ML 컴파일러 관련하여 공유합니다 "
                            },
                            {
                                "type": "emoji",
                                "name": "slightly_smiling_face",
                                "unicode": "1f642"
                            },
                            {
                                "type": "text",
                                "text": "\n"
                            },
                            {
                                "type": "link",
                                "url": "https:\/\/opensource.googleblog.com\/2023\/03\/openxla-is-ready-to-accelerate-and-simplify-ml-development.html"
                            }
                        ]
                    }
                ]
            }
        ],
        "team": "T04MCQMEXQ9",
        "user_team": "T04MCQMEXQ9",
        "source_team": "T04MCQMEXQ9",
        "user_profile": {
            "avatar_hash": "7db5f8f30815",
            "image_72": "https:\/\/avatars.slack-edge.com\/2023-01-28\/4707823773350_7db5f8f30815f749cb56_72.png",
            "first_name": "신종훈\/딥엑스",
            "real_name": "신종훈\/딥엑스",
            "display_name": "",
            "team": "T04MCQMEXQ9",
            "name": "jh.michael.shin",
            "is_restricted": false,
            "is_ultra_restricted": false
        },
        "reactions": [
            {
                "name": "+1",
                "users": [
                    "U04MQ1B2BGQ",
                    "U04LTMVAQ4W",
                    "U04M05UHX7U",
                    "U04M2NY6U2Y",
                    "U04LKU43D7Z",
                    "U04M09VRR3L",
                    "U04M0B0PWMQ",
                    "U0548DDUFU6"
                ],
                "count": 8
            }
        ]
    }
]