[
{
    "id": "C04LTL2NP7G",
    "name": "02-무엇이든물어보세요",
    "created": 1674964421,
    "creator": "U04M05UHX7U",
    "is_archived": false,
    "is_general": false,
    "members": [
        "U04LKPBTEVD",
        "U04LKPBUQ23",
        "U04LKR13MV5",
        "U04LKSJGVGX",
        "U04LKU43D7Z",
        "U04LKU90LQP",
        "U04LKV4QJ6B",
        "U04LL0F5RBR",
        "U04LL25TRDM",
        "U04LL3W0YCF",
        "U04LL3W56F9",
        "U04LL4U62F9",
        "U04LL521XK9",
        "U04LL5E3NMD",
        "U04LL5F20KZ",
        "U04LL5UHC5D",
        "U04LLHES55M",
        "U04LLR36S79",
        "U04LM1LKH0F",
        "U04LMFRQQTH",
        "U04LN2WSWVD",
        "U04LNL0KG31",
        "U04LRKK26LX",
        "U04LTMFBF2A",
        "U04LTMGEMLN",
        "U04LTMVAQ4W",
        "U04LTMXAU3Y",
        "U04LTNE8FHU",
        "U04LTNK3K46",
        "U04LTPT340N",
        "U04LTPY7LES",
        "U04LTQ0M14N",
        "U04LTQ6E486",
        "U04LTQEU346",
        "U04LTT6NJ8N",
        "U04LTUV1LHL",
        "U04LU2NN8TY",
        "U04LUQV2QB0",
        "U04LV1TC17Y",
        "U04LV2JHHB8",
        "U04LVRB5YNS",
        "U04LXBEEHMK",
        "U04LXBG8GAZ",
        "U04LXEQS5PF",
        "U04LXFZ4277",
        "U04LXKBSSQM",
        "U04LXKFJLFP",
        "U04LXKG0729",
        "U04LXLK4EPP",
        "U04LXNGDNH3",
        "U04LXNWJ0HK",
        "U04LXTWCESH",
        "U04LY25D7C5",
        "U04LYELFPLM",
        "U04LYGCMATF",
        "U04LYGJ3945",
        "U04LYGQ3145",
        "U04LYJZ81LM",
        "U04M059CL67",
        "U04M05UHX7U",
        "U04M06CDVC3",
        "U04M06CM95H",
        "U04M0811ZPD",
        "U04M08F2ATD",
        "U04M091M3MZ",
        "U04M09VNDD1",
        "U04M09VRR3L",
        "U04M0AJF3U2",
        "U04M0B0PWMQ",
        "U04M0B1MW67",
        "U04M0B9BKKL",
        "U04M0BDNTRQ",
        "U04M0CJUUCT",
        "U04M0CV8DHR",
        "U04M0D54PEW",
        "U04M0EN2FM0",
        "U04M0EXUSJE",
        "U04M0EZU3L2",
        "U04M0FCLZAN",
        "U04M0FRJ2KD",
        "U04M0KAADU2",
        "U04M0MUABDY",
        "U04M0NBGTDZ",
        "U04M0NCHHV1",
        "U04M0NEBX6W",
        "U04M0Q6HTQA",
        "U04M0S8UMEW",
        "U04M1ASRNBV",
        "U04M1BA4TK4",
        "U04M1LKNQUB",
        "U04M1LQ8RPX",
        "U04M1MCTFM1",
        "U04M1QA3P6X",
        "U04M1R5SD8A",
        "U04M1RMCVQB",
        "U04M23DV3NE",
        "U04M28JU8TV",
        "U04M2NY6U2Y",
        "U04M2PXD15J",
        "U04M2QK6ZHS",
        "U04M2QTD292",
        "U04M2QUG7NY",
        "U04M2RHBD8U",
        "U04M2RTGHUL",
        "U04M2RVTEH2",
        "U04M2SA3MK6",
        "U04M2SSGVLL",
        "U04M2TEM8TE",
        "U04M2TTHAUU",
        "U04M2U60Y4C",
        "U04M31F24CU",
        "U04M348MYJG",
        "U04M39Q8R19",
        "U04M3QR170C",
        "U04M3UUAZTN",
        "U04M3V6RJLF",
        "U04M40PSS3G",
        "U04M46B4N3W",
        "U04M4K9FT7D",
        "U04M51TDQR0",
        "U04M5D0TQUD",
        "U04M7HPGE7N",
        "U04M89H9Y2F",
        "U04M8MYR30X",
        "U04MADK8SF4",
        "U04MATHDDK6",
        "U04MB9UUFK5",
        "U04MCA1D8G5",
        "U04MCUU74TT",
        "U04MCUY6M33",
        "U04MD0GTCG1",
        "U04MD0HNM4Z",
        "U04MD4D7CBT",
        "U04MDCF8UHF",
        "U04MDCPURTK",
        "U04MDFZ3NTB",
        "U04MDLFJS82",
        "U04ME7ZGH7T",
        "U04ME8KRSHF",
        "U04METS3YHF",
        "U04MG0U2ZS7",
        "U04MGFJCZ6K",
        "U04MHG01CGH",
        "U04MJKA8E92",
        "U04MK3A68J1",
        "U04MMGPP1A5",
        "U04MMPYDYQH",
        "U04MPMM04H1",
        "U04MQ0RCNGY",
        "U04MQ1B2BGQ",
        "U04MQ1ULRUY",
        "U04MQ2J38JC",
        "U04MQ3CJBS4",
        "U04MQ6GUEPJ",
        "U04MQ90NYFJ",
        "U04MQBR8Z5W",
        "U04MQCMBD24",
        "U04MQHDJ12L",
        "U04MQQPQ9C0",
        "U04MR3L76Q0",
        "U04MR4HP9FA",
        "U04MR6SMS0G",
        "U04MR94VA68",
        "U04MSENK2BS",
        "U04MSS3QLEL",
        "U04MT854ETA",
        "U04MUJEQVEC",
        "U04MVVD7NG0",
        "U04MYHXMGAV",
        "U04N5PG7NPJ",
        "U04N5SKBP08",
        "U04NCHEUQP2",
        "U04NCQWNY86",
        "U04NQP19QJ0",
        "U04P3ELPLN4",
        "U04P7EPCL5R",
        "U04P8LCGBA8",
        "U04P9PBR562",
        "U04PAA4C33R",
        "U04PL8S9ZEZ",
        "U04PTRH3VH8",
        "U04PX4KR14P",
        "U04Q447K5B7",
        "U04Q5NWH7LN",
        "U04Q8824XGX",
        "U04QJNZDDFB",
        "U04RHAWP66Q",
        "U04RSH8N41W",
        "U04SJES55HS",
        "U04TECY80AK",
        "U052NUKLVH9",
        "U053GLLLN87",
        "U053HE028DD",
        "U053HSVS3MM",
        "U053NDAPWCX",
        "U053PBK025D",
        "U053S7VJV2S",
        "U053UQEUDL5",
        "U053WJ8S3DH",
        "U053X1ZQDEH",
        "U053X58446S",
        "U053XAD8NHY",
        "U053XAVDJFQ",
        "U053Y2ZJ37F",
        "U053Y5B8W03",
        "U053Y5G924T",
        "U053Y95HR7D",
        "U053Y9VHNG3",
        "U05400CGALV",
        "U05406WV5S7",
        "U05409EVAUE",
        "U05416L91J6",
        "U05416V844V",
        "U0541HJAQP6",
        "U0542SGQUUU",
        "U0542V02B7U",
        "U0543933AHM",
        "U0543FUPEVC",
        "U0543FXHQJZ",
        "U0543SJ51D4",
        "U054509BGDC",
        "U0547P2EUA0",
        "U05484RJUJG",
        "U0548DDUFU6",
        "U054A8G32HF",
        "U054B8KHCCR",
        "U054CGKBHNC",
        "U054CHG328K",
        "U054D6M6F8V",
        "U054DAHNN93",
        "U054EJEAAMB",
        "U054FKUFWAD",
        "U054GAR43LZ",
        "U054JPH8VFV",
        "U054LAFFB08",
        "U054LBZ2UE6",
        "U054LG237BP",
        "U054QC74F3J",
        "U054SBDRRMW",
        "U054UMB7U48",
        "U054W4LP0D7",
        "U054X191HA6",
        "U054Z3ZM6AU",
        "U054ZGNFS1F",
        "U05565XFKF1",
        "U05565XLP55",
        "U05565ZGVP1",
        "U05565ZPEKH",
        "U0556600PQX",
        "U0556609PJB",
        "U055660HC4X",
        "U055660NB9D",
        "U0556610K1V",
        "U0556612ADV",
        "U0556613WF9",
        "U05566151AT",
        "U05566PTSLF",
        "U05566Q72H5",
        "U0556TU2B9V",
        "U0557RT64U8",
        "U0558HLA90S",
        "U0558N81UES",
        "U0559DC2NRJ",
        "U055E3ZGG1L",
        "U055E3ZKPSA",
        "U055E3ZQK0E",
        "U055E4048G6",
        "U055E41SKD4",
        "U055E423BNJ",
        "U055E42B8G6",
        "U055E42N36J",
        "U055E4348KY",
        "U055E4354PQ",
        "U055E4S5GMC",
        "U055E4TEUVC",
        "U055E4TJCJJ",
        "U055EHS4G92",
        "U055HPJR6NR",
        "U055HPK100M",
        "U055HPM0WF7",
        "U055HPM6REZ",
        "U055HPMRLDT",
        "U055HPN8RGD",
        "U055HQBC0MB",
        "U055HQZL08M",
        "U055LJ3V61Z",
        "U055LJ5NTNF",
        "U055LJ5UVS7",
        "U055LJ6600K",
        "U055LJ67HTM",
        "U055LJ6FYE7",
        "U055LJ6N24B",
        "U055LJ6PRJP",
        "U055LJ6T9MZ",
        "U055LJ79XV1",
        "U055LJW5AQK",
        "U055LN00D2N",
        "U055LN1LL74",
        "U055LN1T8Q2",
        "U055LN24HGS",
        "U055LN2J69G",
        "U055LN30A1G",
        "U055LNS7QHY",
        "U055P6QC6MS",
        "U055P6QGZKN",
        "U055P6QS4GL",
        "U055P6SCQKW",
        "U055P6SDNLU",
        "U055P6SE9FE",
        "U055P6SLP0C",
        "U055P6STAJ0",
        "U055P6TA004",
        "U055P6TG528",
        "U055P6THQMA",
        "U055P6TM7GU",
        "U055P6TUYE8",
        "U055P6U3V8C",
        "U055P7H1XRS",
        "U055TCNLVTK",
        "U055X8Z7MJL",
        "U055ZB15EKB",
        "U055ZB16449",
        "U055ZB1ALGH",
        "U055ZB1BE81",
        "U055ZB1CGRX",
        "U055ZB1DCUR",
        "U055ZB36PEV",
        "U055ZB37BQ9",
        "U055ZB3DE2V",
        "U055ZB3KZ7B",
        "U055ZB3MEL9",
        "U055ZB42WL9",
        "U055ZB4EA0Z",
        "U055ZBTF7AM",
        "U055ZBTPAN5",
        "U055ZBTQ34H",
        "U055ZBUDUNM",
        "U056ACVNN3S",
        "U056ACVTL2C",
        "U056ACY0BL0",
        "U056ACY65ME",
        "U056ACY6U8Y",
        "U056ACYMA5N",
        "U056ACYV6MN",
        "U056ACZ39L0",
        "U056ACZFA48",
        "U056ADN273J",
        "U056ADN7U3S",
        "U056ADN8UEL"
    ],
    "topic": {
        "value": "",
        "creator": "",
        "last_set": 0
    },
    "purpose": {
        "value": "",
        "creator": "",
        "last_set": 0
    }
},
{
    "id": "C04LX9ZLG5T",
    "name": "13-asr-경량화",
    "created": 1674964290,
    "creator": "U04M05UHX7U",
    "is_archived": false,
    "is_general": false,
    "members": [
        "U04LKPBTEVD",
        "U04LKPBUQ23",
        "U04LKR13MV5",
        "U04LKSJGVGX",
        "U04LKU43D7Z",
        "U04LKU90LQP",
        "U04LKV4QJ6B",
        "U04LL0F5RBR",
        "U04LL25TRDM",
        "U04LL3W0YCF",
        "U04LL3W56F9",
        "U04LL4U62F9",
        "U04LL521XK9",
        "U04LL5E3NMD",
        "U04LL5F20KZ",
        "U04LL5UHC5D",
        "U04LLHES55M",
        "U04LLR36S79",
        "U04LM1LKH0F",
        "U04LMFRQQTH",
        "U04LN2WSWVD",
        "U04LNL0KG31",
        "U04LRKK26LX",
        "U04LTMFBF2A",
        "U04LTMGEMLN",
        "U04LTMVAQ4W",
        "U04LTMXAU3Y",
        "U04LTNE8FHU",
        "U04LTNK3K46",
        "U04LTPT340N",
        "U04LTPY7LES",
        "U04LTQ0M14N",
        "U04LTQ6E486",
        "U04LTQEU346",
        "U04LTT6NJ8N",
        "U04LTUV1LHL",
        "U04LU2NN8TY",
        "U04LUQV2QB0",
        "U04LV1TC17Y",
        "U04LV2JHHB8",
        "U04LVRB5YNS",
        "U04LXBEEHMK",
        "U04LXBG8GAZ",
        "U04LXEQS5PF",
        "U04LXFZ4277",
        "U04LXKBSSQM",
        "U04LXKFJLFP",
        "U04LXKG0729",
        "U04LXLK4EPP",
        "U04LXNGDNH3",
        "U04LXNWJ0HK",
        "U04LXTWCESH",
        "U04LY25D7C5",
        "U04LYELFPLM",
        "U04LYGCMATF",
        "U04LYGJ3945",
        "U04LYGQ3145",
        "U04LYJZ81LM",
        "U04M059CL67",
        "U04M05UHX7U",
        "U04M06CDVC3",
        "U04M06CM95H",
        "U04M0811ZPD",
        "U04M08F2ATD",
        "U04M091M3MZ",
        "U04M09VNDD1",
        "U04M09VRR3L",
        "U04M0AJF3U2",
        "U04M0B0PWMQ",
        "U04M0B1MW67",
        "U04M0B9BKKL",
        "U04M0BDNTRQ",
        "U04M0CJUUCT",
        "U04M0CV8DHR",
        "U04M0D54PEW",
        "U04M0EN2FM0",
        "U04M0EXUSJE",
        "U04M0EZU3L2",
        "U04M0FCLZAN",
        "U04M0FRJ2KD",
        "U04M0KAADU2",
        "U04M0MUABDY",
        "U04M0NBGTDZ",
        "U04M0NCHHV1",
        "U04M0NEBX6W",
        "U04M0Q6HTQA",
        "U04M0S8UMEW",
        "U04M1ASRNBV",
        "U04M1BA4TK4",
        "U04M1LKNQUB",
        "U04M1LQ8RPX",
        "U04M1MCTFM1",
        "U04M1QA3P6X",
        "U04M1R5SD8A",
        "U04M1RMCVQB",
        "U04M23DV3NE",
        "U04M28JU8TV",
        "U04M2NY6U2Y",
        "U04M2PXD15J",
        "U04M2QK6ZHS",
        "U04M2QTD292",
        "U04M2QUG7NY",
        "U04M2RHBD8U",
        "U04M2RTGHUL",
        "U04M2RVTEH2",
        "U04M2SA3MK6",
        "U04M2SSGVLL",
        "U04M2TEM8TE",
        "U04M2TTHAUU",
        "U04M2U60Y4C",
        "U04M31F24CU",
        "U04M348MYJG",
        "U04M39Q8R19",
        "U04M3QR170C",
        "U04M3UUAZTN",
        "U04M3V6RJLF",
        "U04M40PSS3G",
        "U04M46B4N3W",
        "U04M4K9FT7D",
        "U04M51TDQR0",
        "U04M5D0TQUD",
        "U04M7HPGE7N",
        "U04M89H9Y2F",
        "U04M8MYR30X",
        "U04MADK8SF4",
        "U04MATHDDK6",
        "U04MB9UUFK5",
        "U04MCA1D8G5",
        "U04MCUU74TT",
        "U04MCUY6M33",
        "U04MD0GTCG1",
        "U04MD0HNM4Z",
        "U04MD4D7CBT",
        "U04MDCF8UHF",
        "U04MDCPURTK",
        "U04MDFZ3NTB",
        "U04MDLFJS82",
        "U04ME7ZGH7T",
        "U04ME8KRSHF",
        "U04METS3YHF",
        "U04MG0U2ZS7",
        "U04MGFJCZ6K",
        "U04MHG01CGH",
        "U04MJKA8E92",
        "U04MK3A68J1",
        "U04MMGPP1A5",
        "U04MMPYDYQH",
        "U04MPMM04H1",
        "U04MQ0RCNGY",
        "U04MQ1B2BGQ",
        "U04MQ1ULRUY",
        "U04MQ2J38JC",
        "U04MQ3CJBS4",
        "U04MQ6GUEPJ",
        "U04MQ90NYFJ",
        "U04MQBR8Z5W",
        "U04MQCMBD24",
        "U04MQHDJ12L",
        "U04MQQPQ9C0",
        "U04MR3L76Q0",
        "U04MR4HP9FA",
        "U04MR6SMS0G",
        "U04MR94VA68",
        "U04MSENK2BS",
        "U04MSS3QLEL",
        "U04MT854ETA",
        "U04MUJEQVEC",
        "U04MVVD7NG0",
        "U04MYHXMGAV",
        "U04N5PG7NPJ",
        "U04N5SKBP08",
        "U04NCHEUQP2",
        "U04NCQWNY86",
        "U04NQP19QJ0",
        "U04P3ELPLN4",
        "U04P7EPCL5R",
        "U04P8LCGBA8",
        "U04P9PBR562",
        "U04PAA4C33R",
        "U04PL8S9ZEZ",
        "U04PTRH3VH8",
        "U04PX4KR14P",
        "U04Q447K5B7",
        "U04Q5NWH7LN",
        "U04Q8824XGX",
        "U04QJNZDDFB",
        "U04RHAWP66Q",
        "U04RSH8N41W",
        "U04SJES55HS",
        "U04TECY80AK",
        "U052NUKLVH9",
        "U053GLLLN87",
        "U053HE028DD",
        "U053HSVS3MM",
        "U053NDAPWCX",
        "U053PBK025D",
        "U053S7VJV2S",
        "U053UQEUDL5",
        "U053WJ8S3DH",
        "U053X1ZQDEH",
        "U053X58446S",
        "U053XAD8NHY",
        "U053XAVDJFQ",
        "U053Y2ZJ37F",
        "U053Y5B8W03",
        "U053Y5G924T",
        "U053Y95HR7D",
        "U053Y9VHNG3",
        "U05400CGALV",
        "U05406WV5S7",
        "U05409EVAUE",
        "U05416L91J6",
        "U05416V844V",
        "U0541HJAQP6",
        "U0542SGQUUU",
        "U0542V02B7U",
        "U0543933AHM",
        "U0543FUPEVC",
        "U0543FXHQJZ",
        "U0543SJ51D4",
        "U054509BGDC",
        "U0547P2EUA0",
        "U05484RJUJG",
        "U0548DDUFU6",
        "U054A8G32HF",
        "U054B8KHCCR",
        "U054CGKBHNC",
        "U054CHG328K",
        "U054D6M6F8V",
        "U054DAHNN93",
        "U054EJEAAMB",
        "U054FKUFWAD",
        "U054GAR43LZ",
        "U054JPH8VFV",
        "U054LAFFB08",
        "U054LBZ2UE6",
        "U054LG237BP",
        "U054QC74F3J",
        "U054SBDRRMW",
        "U054UMB7U48",
        "U054W4LP0D7",
        "U054X191HA6",
        "U054Z3ZM6AU",
        "U054ZGNFS1F",
        "U05565XFKF1",
        "U05565XLP55",
        "U05565ZGVP1",
        "U05565ZPEKH",
        "U0556600PQX",
        "U0556609PJB",
        "U055660HC4X",
        "U055660NB9D",
        "U0556610K1V",
        "U0556612ADV",
        "U0556613WF9",
        "U05566151AT",
        "U05566PTSLF",
        "U05566Q72H5",
        "U0556TU2B9V",
        "U0557RT64U8",
        "U0558HLA90S",
        "U0558N81UES",
        "U0559DC2NRJ",
        "U055E3ZGG1L",
        "U055E3ZKPSA",
        "U055E3ZQK0E",
        "U055E4048G6",
        "U055E41SKD4",
        "U055E423BNJ",
        "U055E42B8G6",
        "U055E42N36J",
        "U055E4348KY",
        "U055E4354PQ",
        "U055E4S5GMC",
        "U055E4TEUVC",
        "U055E4TJCJJ",
        "U055EHS4G92",
        "U055HPJR6NR",
        "U055HPK100M",
        "U055HPM0WF7",
        "U055HPM6REZ",
        "U055HPMRLDT",
        "U055HPN8RGD",
        "U055HQBC0MB",
        "U055HQZL08M",
        "U055LJ3V61Z",
        "U055LJ5NTNF",
        "U055LJ5UVS7",
        "U055LJ6600K",
        "U055LJ67HTM",
        "U055LJ6FYE7",
        "U055LJ6N24B",
        "U055LJ6PRJP",
        "U055LJ6T9MZ",
        "U055LJ79XV1",
        "U055LJW5AQK",
        "U055LN00D2N",
        "U055LN1LL74",
        "U055LN1T8Q2",
        "U055LN24HGS",
        "U055LN2J69G",
        "U055LN30A1G",
        "U055LNS7QHY",
        "U055P6QC6MS",
        "U055P6QGZKN",
        "U055P6QS4GL",
        "U055P6SCQKW",
        "U055P6SDNLU",
        "U055P6SE9FE",
        "U055P6SLP0C",
        "U055P6STAJ0",
        "U055P6TA004",
        "U055P6TG528",
        "U055P6THQMA",
        "U055P6TM7GU",
        "U055P6TUYE8",
        "U055P6U3V8C",
        "U055P7H1XRS",
        "U055TCNLVTK",
        "U055X8Z7MJL",
        "U055ZB15EKB",
        "U055ZB16449",
        "U055ZB1ALGH",
        "U055ZB1BE81",
        "U055ZB1CGRX",
        "U055ZB1DCUR",
        "U055ZB36PEV",
        "U055ZB37BQ9",
        "U055ZB3DE2V",
        "U055ZB3KZ7B",
        "U055ZB3MEL9",
        "U055ZB42WL9",
        "U055ZB4EA0Z",
        "U055ZBTF7AM",
        "U055ZBTPAN5",
        "U055ZBTQ34H",
        "U055ZBUDUNM",
        "U056ACVNN3S",
        "U056ACVTL2C",
        "U056ACY0BL0",
        "U056ACY65ME",
        "U056ACY6U8Y",
        "U056ACYMA5N",
        "U056ACYV6MN",
        "U056ACZ39L0",
        "U056ACZFA48",
        "U056ADN273J",
        "U056ADN7U3S",
        "U056ADN8UEL"
    ],
    "topic": {
        "value": "",
        "creator": "",
        "last_set": 0
    },
    "purpose": {
        "value": "",
        "creator": "",
        "last_set": 0
    }
},
{
    "id": "C04LXA0V4E9",
    "name": "11-경량화-일반",
    "created": 1674964399,
    "creator": "U04M05UHX7U",
    "is_archived": false,
    "is_general": false,
    "members": [
        "U04LKPBTEVD",
        "U04LKPBUQ23",
        "U04LKR13MV5",
        "U04LKSJGVGX",
        "U04LKU43D7Z",
        "U04LKU90LQP",
        "U04LKV4QJ6B",
        "U04LL0F5RBR",
        "U04LL25TRDM",
        "U04LL3W0YCF",
        "U04LL3W56F9",
        "U04LL4U62F9",
        "U04LL521XK9",
        "U04LL5E3NMD",
        "U04LL5F20KZ",
        "U04LL5UHC5D",
        "U04LLHES55M",
        "U04LLR36S79",
        "U04LM1LKH0F",
        "U04LMFRQQTH",
        "U04LN2WSWVD",
        "U04LNL0KG31",
        "U04LRKK26LX",
        "U04LTMFBF2A",
        "U04LTMGEMLN",
        "U04LTMVAQ4W",
        "U04LTMXAU3Y",
        "U04LTNE8FHU",
        "U04LTNK3K46",
        "U04LTPT340N",
        "U04LTPY7LES",
        "U04LTQ0M14N",
        "U04LTQ6E486",
        "U04LTQEU346",
        "U04LTT6NJ8N",
        "U04LTUV1LHL",
        "U04LU2NN8TY",
        "U04LUQV2QB0",
        "U04LV1TC17Y",
        "U04LV2JHHB8",
        "U04LVRB5YNS",
        "U04LXBEEHMK",
        "U04LXBG8GAZ",
        "U04LXEQS5PF",
        "U04LXFZ4277",
        "U04LXKBSSQM",
        "U04LXKFJLFP",
        "U04LXKG0729",
        "U04LXLK4EPP",
        "U04LXNGDNH3",
        "U04LXNWJ0HK",
        "U04LXTWCESH",
        "U04LY25D7C5",
        "U04LYELFPLM",
        "U04LYGCMATF",
        "U04LYGJ3945",
        "U04LYGQ3145",
        "U04LYJZ81LM",
        "U04M059CL67",
        "U04M05UHX7U",
        "U04M06CDVC3",
        "U04M06CM95H",
        "U04M0811ZPD",
        "U04M08F2ATD",
        "U04M091M3MZ",
        "U04M09VNDD1",
        "U04M09VRR3L",
        "U04M0AJF3U2",
        "U04M0B0PWMQ",
        "U04M0B1MW67",
        "U04M0B9BKKL",
        "U04M0BDNTRQ",
        "U04M0CJUUCT",
        "U04M0CV8DHR",
        "U04M0D54PEW",
        "U04M0EN2FM0",
        "U04M0EXUSJE",
        "U04M0EZU3L2",
        "U04M0FCLZAN",
        "U04M0FRJ2KD",
        "U04M0KAADU2",
        "U04M0MUABDY",
        "U04M0NBGTDZ",
        "U04M0NCHHV1",
        "U04M0NEBX6W",
        "U04M0Q6HTQA",
        "U04M0S8UMEW",
        "U04M1ASRNBV",
        "U04M1BA4TK4",
        "U04M1LKNQUB",
        "U04M1LQ8RPX",
        "U04M1MCTFM1",
        "U04M1QA3P6X",
        "U04M1R5SD8A",
        "U04M1RMCVQB",
        "U04M23DV3NE",
        "U04M28JU8TV",
        "U04M2NY6U2Y",
        "U04M2PXD15J",
        "U04M2QK6ZHS",
        "U04M2QTD292",
        "U04M2QUG7NY",
        "U04M2RHBD8U",
        "U04M2RTGHUL",
        "U04M2RVTEH2",
        "U04M2SA3MK6",
        "U04M2SSGVLL",
        "U04M2TEM8TE",
        "U04M2TTHAUU",
        "U04M2U60Y4C",
        "U04M31F24CU",
        "U04M348MYJG",
        "U04M39Q8R19",
        "U04M3QR170C",
        "U04M3UUAZTN",
        "U04M3V6RJLF",
        "U04M40PSS3G",
        "U04M46B4N3W",
        "U04M4K9FT7D",
        "U04M51TDQR0",
        "U04M5D0TQUD",
        "U04M7HPGE7N",
        "U04M89H9Y2F",
        "U04M8MYR30X",
        "U04MADK8SF4",
        "U04MATHDDK6",
        "U04MB9UUFK5",
        "U04MCA1D8G5",
        "U04MCUU74TT",
        "U04MCUY6M33",
        "U04MD0GTCG1",
        "U04MD0HNM4Z",
        "U04MD4D7CBT",
        "U04MDCF8UHF",
        "U04MDCPURTK",
        "U04MDFZ3NTB",
        "U04MDLFJS82",
        "U04ME7ZGH7T",
        "U04ME8KRSHF",
        "U04METS3YHF",
        "U04MG0U2ZS7",
        "U04MGFJCZ6K",
        "U04MHG01CGH",
        "U04MJKA8E92",
        "U04MK3A68J1",
        "U04MMGPP1A5",
        "U04MMPYDYQH",
        "U04MPMM04H1",
        "U04MQ0RCNGY",
        "U04MQ1B2BGQ",
        "U04MQ1ULRUY",
        "U04MQ2J38JC",
        "U04MQ3CJBS4",
        "U04MQ6GUEPJ",
        "U04MQ90NYFJ",
        "U04MQBR8Z5W",
        "U04MQCMBD24",
        "U04MQHDJ12L",
        "U04MQQPQ9C0",
        "U04MR3L76Q0",
        "U04MR4HP9FA",
        "U04MR6SMS0G",
        "U04MR94VA68",
        "U04MSENK2BS",
        "U04MSS3QLEL",
        "U04MT854ETA",
        "U04MUJEQVEC",
        "U04MVVD7NG0",
        "U04MYHXMGAV",
        "U04N5PG7NPJ",
        "U04N5SKBP08",
        "U04NCHEUQP2",
        "U04NCQWNY86",
        "U04NQP19QJ0",
        "U04P3ELPLN4",
        "U04P7EPCL5R",
        "U04P8LCGBA8",
        "U04P9PBR562",
        "U04PAA4C33R",
        "U04PL8S9ZEZ",
        "U04PTRH3VH8",
        "U04PX4KR14P",
        "U04Q447K5B7",
        "U04Q5NWH7LN",
        "U04Q8824XGX",
        "U04QJNZDDFB",
        "U04RHAWP66Q",
        "U04RSH8N41W",
        "U04SJES55HS",
        "U04TECY80AK",
        "U052NUKLVH9",
        "U053GLLLN87",
        "U053HE028DD",
        "U053HSVS3MM",
        "U053NDAPWCX",
        "U053PBK025D",
        "U053S7VJV2S",
        "U053UQEUDL5",
        "U053WJ8S3DH",
        "U053X1ZQDEH",
        "U053X58446S",
        "U053XAD8NHY",
        "U053XAVDJFQ",
        "U053Y2ZJ37F",
        "U053Y5B8W03",
        "U053Y5G924T",
        "U053Y95HR7D",
        "U053Y9VHNG3",
        "U05400CGALV",
        "U05406WV5S7",
        "U05409EVAUE",
        "U05416L91J6",
        "U05416V844V",
        "U0541HJAQP6",
        "U0542SGQUUU",
        "U0542V02B7U",
        "U0543933AHM",
        "U0543FUPEVC",
        "U0543FXHQJZ",
        "U0543SJ51D4",
        "U054509BGDC",
        "U0547P2EUA0",
        "U05484RJUJG",
        "U0548DDUFU6",
        "U054A8G32HF",
        "U054B8KHCCR",
        "U054CGKBHNC",
        "U054CHG328K",
        "U054D6M6F8V",
        "U054DAHNN93",
        "U054EJEAAMB",
        "U054FKUFWAD",
        "U054GAR43LZ",
        "U054JPH8VFV",
        "U054LAFFB08",
        "U054LBZ2UE6",
        "U054LG237BP",
        "U054QC74F3J",
        "U054SBDRRMW",
        "U054UMB7U48",
        "U054W4LP0D7",
        "U054X191HA6",
        "U054Z3ZM6AU",
        "U054ZGNFS1F",
        "U05565XFKF1",
        "U05565XLP55",
        "U05565ZGVP1",
        "U05565ZPEKH",
        "U0556600PQX",
        "U0556609PJB",
        "U055660HC4X",
        "U055660NB9D",
        "U0556610K1V",
        "U0556612ADV",
        "U0556613WF9",
        "U05566151AT",
        "U05566PTSLF",
        "U05566Q72H5",
        "U0556TU2B9V",
        "U0557RT64U8",
        "U0558HLA90S",
        "U0558N81UES",
        "U0559DC2NRJ",
        "U055E3ZGG1L",
        "U055E3ZKPSA",
        "U055E3ZQK0E",
        "U055E4048G6",
        "U055E41SKD4",
        "U055E423BNJ",
        "U055E42B8G6",
        "U055E42N36J",
        "U055E4348KY",
        "U055E4354PQ",
        "U055E4S5GMC",
        "U055E4TEUVC",
        "U055E4TJCJJ",
        "U055EHS4G92",
        "U055HPJR6NR",
        "U055HPK100M",
        "U055HPM0WF7",
        "U055HPM6REZ",
        "U055HPMRLDT",
        "U055HPN8RGD",
        "U055HQBC0MB",
        "U055HQZL08M",
        "U055LJ3V61Z",
        "U055LJ5NTNF",
        "U055LJ5UVS7",
        "U055LJ6600K",
        "U055LJ67HTM",
        "U055LJ6FYE7",
        "U055LJ6N24B",
        "U055LJ6PRJP",
        "U055LJ6T9MZ",
        "U055LJ79XV1",
        "U055LJW5AQK",
        "U055LN00D2N",
        "U055LN1LL74",
        "U055LN1T8Q2",
        "U055LN24HGS",
        "U055LN2J69G",
        "U055LN30A1G",
        "U055LNS7QHY",
        "U055P6QC6MS",
        "U055P6QGZKN",
        "U055P6QS4GL",
        "U055P6SCQKW",
        "U055P6SDNLU",
        "U055P6SE9FE",
        "U055P6SLP0C",
        "U055P6STAJ0",
        "U055P6TA004",
        "U055P6TG528",
        "U055P6THQMA",
        "U055P6TM7GU",
        "U055P6TUYE8",
        "U055P6U3V8C",
        "U055P7H1XRS",
        "U055TCNLVTK",
        "U055X8Z7MJL",
        "U055ZB15EKB",
        "U055ZB16449",
        "U055ZB1ALGH",
        "U055ZB1BE81",
        "U055ZB1CGRX",
        "U055ZB1DCUR",
        "U055ZB36PEV",
        "U055ZB37BQ9",
        "U055ZB3DE2V",
        "U055ZB3KZ7B",
        "U055ZB3MEL9",
        "U055ZB42WL9",
        "U055ZB4EA0Z",
        "U055ZBTF7AM",
        "U055ZBTPAN5",
        "U055ZBTQ34H",
        "U055ZBUDUNM",
        "U056ACVNN3S",
        "U056ACVTL2C",
        "U056ACY0BL0",
        "U056ACY65ME",
        "U056ACY6U8Y",
        "U056ACYMA5N",
        "U056ACYV6MN",
        "U056ACZ39L0",
        "U056ACZFA48",
        "U056ADN273J",
        "U056ADN7U3S",
        "U056ADN8UEL"
    ],
    "topic": {
        "value": "",
        "creator": "",
        "last_set": 0
    },
    "purpose": {
        "value": "",
        "creator": "",
        "last_set": 0
    }
},
{
    "id": "C04M04WTLE7",
    "name": "03-홍보방",
    "created": 1674964440,
    "creator": "U04M05UHX7U",
    "is_archived": false,
    "is_general": false,
    "members": [
        "U04LKPBTEVD",
        "U04LKPBUQ23",
        "U04LKR13MV5",
        "U04LKSJGVGX",
        "U04LKU43D7Z",
        "U04LKU90LQP",
        "U04LKV4QJ6B",
        "U04LL0F5RBR",
        "U04LL25TRDM",
        "U04LL3W0YCF",
        "U04LL3W56F9",
        "U04LL4U62F9",
        "U04LL521XK9",
        "U04LL5E3NMD",
        "U04LL5F20KZ",
        "U04LL5UHC5D",
        "U04LLHES55M",
        "U04LLR36S79",
        "U04LM1LKH0F",
        "U04LMFRQQTH",
        "U04LN2WSWVD",
        "U04LNL0KG31",
        "U04LRKK26LX",
        "U04LTMFBF2A",
        "U04LTMGEMLN",
        "U04LTMVAQ4W",
        "U04LTMXAU3Y",
        "U04LTNE8FHU",
        "U04LTNK3K46",
        "U04LTPT340N",
        "U04LTPY7LES",
        "U04LTQ0M14N",
        "U04LTQ6E486",
        "U04LTQEU346",
        "U04LTT6NJ8N",
        "U04LTUV1LHL",
        "U04LU2NN8TY",
        "U04LUQV2QB0",
        "U04LV1TC17Y",
        "U04LV2JHHB8",
        "U04LVRB5YNS",
        "U04LXBEEHMK",
        "U04LXBG8GAZ",
        "U04LXEQS5PF",
        "U04LXFZ4277",
        "U04LXKBSSQM",
        "U04LXKFJLFP",
        "U04LXKG0729",
        "U04LXLK4EPP",
        "U04LXNGDNH3",
        "U04LXNWJ0HK",
        "U04LXTWCESH",
        "U04LY25D7C5",
        "U04LYELFPLM",
        "U04LYGCMATF",
        "U04LYGJ3945",
        "U04LYGQ3145",
        "U04LYJZ81LM",
        "U04M059CL67",
        "U04M05UHX7U",
        "U04M06CDVC3",
        "U04M06CM95H",
        "U04M0811ZPD",
        "U04M08F2ATD",
        "U04M091M3MZ",
        "U04M09VNDD1",
        "U04M09VRR3L",
        "U04M0AJF3U2",
        "U04M0B0PWMQ",
        "U04M0B1MW67",
        "U04M0B9BKKL",
        "U04M0BDNTRQ",
        "U04M0CJUUCT",
        "U04M0CV8DHR",
        "U04M0D54PEW",
        "U04M0EN2FM0",
        "U04M0EXUSJE",
        "U04M0EZU3L2",
        "U04M0FCLZAN",
        "U04M0FRJ2KD",
        "U04M0KAADU2",
        "U04M0MUABDY",
        "U04M0NBGTDZ",
        "U04M0NCHHV1",
        "U04M0NEBX6W",
        "U04M0Q6HTQA",
        "U04M0S8UMEW",
        "U04M1ASRNBV",
        "U04M1BA4TK4",
        "U04M1LKNQUB",
        "U04M1LQ8RPX",
        "U04M1MCTFM1",
        "U04M1QA3P6X",
        "U04M1R5SD8A",
        "U04M1RMCVQB",
        "U04M23DV3NE",
        "U04M28JU8TV",
        "U04M2NY6U2Y",
        "U04M2PXD15J",
        "U04M2QK6ZHS",
        "U04M2QTD292",
        "U04M2QUG7NY",
        "U04M2RHBD8U",
        "U04M2RTGHUL",
        "U04M2RVTEH2",
        "U04M2SA3MK6",
        "U04M2SSGVLL",
        "U04M2TEM8TE",
        "U04M2TTHAUU",
        "U04M2U60Y4C",
        "U04M31F24CU",
        "U04M348MYJG",
        "U04M39Q8R19",
        "U04M3QR170C",
        "U04M3UUAZTN",
        "U04M3V6RJLF",
        "U04M40PSS3G",
        "U04M46B4N3W",
        "U04M4K9FT7D",
        "U04M51TDQR0",
        "U04M5D0TQUD",
        "U04M7HPGE7N",
        "U04M89H9Y2F",
        "U04M8MYR30X",
        "U04MADK8SF4",
        "U04MATHDDK6",
        "U04MB9UUFK5",
        "U04MCA1D8G5",
        "U04MCUU74TT",
        "U04MCUY6M33",
        "U04MD0GTCG1",
        "U04MD0HNM4Z",
        "U04MD4D7CBT",
        "U04MDCF8UHF",
        "U04MDCPURTK",
        "U04MDFZ3NTB",
        "U04MDLFJS82",
        "U04ME7ZGH7T",
        "U04ME8KRSHF",
        "U04METS3YHF",
        "U04MG0U2ZS7",
        "U04MGFJCZ6K",
        "U04MHG01CGH",
        "U04MJKA8E92",
        "U04MK3A68J1",
        "U04MMGPP1A5",
        "U04MMPYDYQH",
        "U04MPMM04H1",
        "U04MQ0RCNGY",
        "U04MQ1B2BGQ",
        "U04MQ1ULRUY",
        "U04MQ2J38JC",
        "U04MQ3CJBS4",
        "U04MQ6GUEPJ",
        "U04MQ90NYFJ",
        "U04MQBR8Z5W",
        "U04MQCMBD24",
        "U04MQHDJ12L",
        "U04MQQPQ9C0",
        "U04MR3L76Q0",
        "U04MR4HP9FA",
        "U04MR6SMS0G",
        "U04MR94VA68",
        "U04MSENK2BS",
        "U04MSS3QLEL",
        "U04MT854ETA",
        "U04MUJEQVEC",
        "U04MVVD7NG0",
        "U04MYHXMGAV",
        "U04N5PG7NPJ",
        "U04N5SKBP08",
        "U04NCHEUQP2",
        "U04NCQWNY86",
        "U04NQP19QJ0",
        "U04P3ELPLN4",
        "U04P7EPCL5R",
        "U04P8LCGBA8",
        "U04P9PBR562",
        "U04PAA4C33R",
        "U04PL8S9ZEZ",
        "U04PTRH3VH8",
        "U04PX4KR14P",
        "U04Q447K5B7",
        "U04Q5NWH7LN",
        "U04Q8824XGX",
        "U04QJNZDDFB",
        "U04RHAWP66Q",
        "U04RSH8N41W",
        "U04SJES55HS",
        "U04TECY80AK",
        "U052NUKLVH9",
        "U053GLLLN87",
        "U053HE028DD",
        "U053HSVS3MM",
        "U053NDAPWCX",
        "U053PBK025D",
        "U053S7VJV2S",
        "U053UQEUDL5",
        "U053WJ8S3DH",
        "U053X1ZQDEH",
        "U053X58446S",
        "U053XAD8NHY",
        "U053XAVDJFQ",
        "U053Y2ZJ37F",
        "U053Y5B8W03",
        "U053Y5G924T",
        "U053Y95HR7D",
        "U053Y9VHNG3",
        "U05400CGALV",
        "U05406WV5S7",
        "U05409EVAUE",
        "U05416L91J6",
        "U05416V844V",
        "U0541HJAQP6",
        "U0542SGQUUU",
        "U0542V02B7U",
        "U0543933AHM",
        "U0543FUPEVC",
        "U0543FXHQJZ",
        "U0543SJ51D4",
        "U054509BGDC",
        "U0547P2EUA0",
        "U05484RJUJG",
        "U0548DDUFU6",
        "U054A8G32HF",
        "U054B8KHCCR",
        "U054CGKBHNC",
        "U054CHG328K",
        "U054D6M6F8V",
        "U054DAHNN93",
        "U054EJEAAMB",
        "U054FKUFWAD",
        "U054GAR43LZ",
        "U054JPH8VFV",
        "U054LAFFB08",
        "U054LBZ2UE6",
        "U054LG237BP",
        "U054QC74F3J",
        "U054SBDRRMW",
        "U054UMB7U48",
        "U054W4LP0D7",
        "U054X191HA6",
        "U054Z3ZM6AU",
        "U054ZGNFS1F",
        "U05565XFKF1",
        "U05565XLP55",
        "U05565ZGVP1",
        "U05565ZPEKH",
        "U0556600PQX",
        "U0556609PJB",
        "U055660HC4X",
        "U055660NB9D",
        "U0556610K1V",
        "U0556612ADV",
        "U0556613WF9",
        "U05566151AT",
        "U05566PTSLF",
        "U05566Q72H5",
        "U0556TU2B9V",
        "U0557RT64U8",
        "U0558HLA90S",
        "U0558N81UES",
        "U0559DC2NRJ",
        "U055E3ZGG1L",
        "U055E3ZKPSA",
        "U055E3ZQK0E",
        "U055E4048G6",
        "U055E41SKD4",
        "U055E423BNJ",
        "U055E42B8G6",
        "U055E42N36J",
        "U055E4348KY",
        "U055E4354PQ",
        "U055E4S5GMC",
        "U055E4TEUVC",
        "U055E4TJCJJ",
        "U055EHS4G92",
        "U055HPJR6NR",
        "U055HPK100M",
        "U055HPM0WF7",
        "U055HPM6REZ",
        "U055HPMRLDT",
        "U055HPN8RGD",
        "U055HQBC0MB",
        "U055HQZL08M",
        "U055LJ3V61Z",
        "U055LJ5NTNF",
        "U055LJ5UVS7",
        "U055LJ6600K",
        "U055LJ67HTM",
        "U055LJ6FYE7",
        "U055LJ6N24B",
        "U055LJ6PRJP",
        "U055LJ6T9MZ",
        "U055LJ79XV1",
        "U055LJW5AQK",
        "U055LN00D2N",
        "U055LN1LL74",
        "U055LN1T8Q2",
        "U055LN24HGS",
        "U055LN2J69G",
        "U055LN30A1G",
        "U055LNS7QHY",
        "U055P6QC6MS",
        "U055P6QGZKN",
        "U055P6QS4GL",
        "U055P6SCQKW",
        "U055P6SDNLU",
        "U055P6SE9FE",
        "U055P6SLP0C",
        "U055P6STAJ0",
        "U055P6TA004",
        "U055P6TG528",
        "U055P6THQMA",
        "U055P6TM7GU",
        "U055P6TUYE8",
        "U055P6U3V8C",
        "U055P7H1XRS",
        "U055TCNLVTK",
        "U055X8Z7MJL",
        "U055ZB15EKB",
        "U055ZB16449",
        "U055ZB1ALGH",
        "U055ZB1BE81",
        "U055ZB1CGRX",
        "U055ZB1DCUR",
        "U055ZB36PEV",
        "U055ZB37BQ9",
        "U055ZB3DE2V",
        "U055ZB3KZ7B",
        "U055ZB3MEL9",
        "U055ZB42WL9",
        "U055ZB4EA0Z",
        "U055ZBTF7AM",
        "U055ZBTPAN5",
        "U055ZBTQ34H",
        "U055ZBUDUNM",
        "U056ACVNN3S",
        "U056ACVTL2C",
        "U056ACY0BL0",
        "U056ACY65ME",
        "U056ACY6U8Y",
        "U056ACYMA5N",
        "U056ACYV6MN",
        "U056ACZ39L0",
        "U056ACZFA48",
        "U056ADN273J",
        "U056ADN7U3S",
        "U056ADN8UEL"
    ],
    "topic": {
        "value": "",
        "creator": "",
        "last_set": 0
    },
    "purpose": {
        "value": "",
        "creator": "",
        "last_set": 0
    }
},
{
    "id": "C04M0882S2W",
    "name": "12-vision-경량화",
    "created": 1674964117,
    "creator": "U04M05UHX7U",
    "is_archived": false,
    "is_general": false,
    "members": [
        "U04LKPBTEVD",
        "U04LKPBUQ23",
        "U04LKR13MV5",
        "U04LKSJGVGX",
        "U04LKU43D7Z",
        "U04LKU90LQP",
        "U04LKV4QJ6B",
        "U04LL0F5RBR",
        "U04LL25TRDM",
        "U04LL3W0YCF",
        "U04LL3W56F9",
        "U04LL4U62F9",
        "U04LL521XK9",
        "U04LL5E3NMD",
        "U04LL5F20KZ",
        "U04LL5UHC5D",
        "U04LLHES55M",
        "U04LLR36S79",
        "U04LM1LKH0F",
        "U04LMFRQQTH",
        "U04LN2WSWVD",
        "U04LNL0KG31",
        "U04LRKK26LX",
        "U04LTMFBF2A",
        "U04LTMGEMLN",
        "U04LTMVAQ4W",
        "U04LTMXAU3Y",
        "U04LTNE8FHU",
        "U04LTNK3K46",
        "U04LTPT340N",
        "U04LTPY7LES",
        "U04LTQ0M14N",
        "U04LTQ6E486",
        "U04LTQEU346",
        "U04LTT6NJ8N",
        "U04LTUV1LHL",
        "U04LU2NN8TY",
        "U04LUQV2QB0",
        "U04LV1TC17Y",
        "U04LV2JHHB8",
        "U04LVRB5YNS",
        "U04LXBEEHMK",
        "U04LXBG8GAZ",
        "U04LXEQS5PF",
        "U04LXFZ4277",
        "U04LXKBSSQM",
        "U04LXKFJLFP",
        "U04LXKG0729",
        "U04LXLK4EPP",
        "U04LXNGDNH3",
        "U04LXNWJ0HK",
        "U04LXTWCESH",
        "U04LY25D7C5",
        "U04LYELFPLM",
        "U04LYGCMATF",
        "U04LYGJ3945",
        "U04LYGQ3145",
        "U04LYJZ81LM",
        "U04M059CL67",
        "U04M05UHX7U",
        "U04M06CDVC3",
        "U04M06CM95H",
        "U04M0811ZPD",
        "U04M08F2ATD",
        "U04M091M3MZ",
        "U04M09VNDD1",
        "U04M09VRR3L",
        "U04M0AJF3U2",
        "U04M0B0PWMQ",
        "U04M0B1MW67",
        "U04M0B9BKKL",
        "U04M0BDNTRQ",
        "U04M0CJUUCT",
        "U04M0CV8DHR",
        "U04M0D54PEW",
        "U04M0EN2FM0",
        "U04M0EXUSJE",
        "U04M0EZU3L2",
        "U04M0FCLZAN",
        "U04M0FRJ2KD",
        "U04M0KAADU2",
        "U04M0MUABDY",
        "U04M0NBGTDZ",
        "U04M0NCHHV1",
        "U04M0NEBX6W",
        "U04M0Q6HTQA",
        "U04M0S8UMEW",
        "U04M1ASRNBV",
        "U04M1BA4TK4",
        "U04M1LKNQUB",
        "U04M1LQ8RPX",
        "U04M1MCTFM1",
        "U04M1QA3P6X",
        "U04M1R5SD8A",
        "U04M1RMCVQB",
        "U04M23DV3NE",
        "U04M28JU8TV",
        "U04M2NY6U2Y",
        "U04M2PXD15J",
        "U04M2QK6ZHS",
        "U04M2QTD292",
        "U04M2QUG7NY",
        "U04M2RHBD8U",
        "U04M2RTGHUL",
        "U04M2RVTEH2",
        "U04M2SA3MK6",
        "U04M2SSGVLL",
        "U04M2TEM8TE",
        "U04M2TTHAUU",
        "U04M2U60Y4C",
        "U04M31F24CU",
        "U04M348MYJG",
        "U04M39Q8R19",
        "U04M3QR170C",
        "U04M3UUAZTN",
        "U04M3V6RJLF",
        "U04M40PSS3G",
        "U04M46B4N3W",
        "U04M4K9FT7D",
        "U04M51TDQR0",
        "U04M5D0TQUD",
        "U04M7HPGE7N",
        "U04M89H9Y2F",
        "U04M8MYR30X",
        "U04MADK8SF4",
        "U04MATHDDK6",
        "U04MB9UUFK5",
        "U04MCA1D8G5",
        "U04MCUU74TT",
        "U04MCUY6M33",
        "U04MD0GTCG1",
        "U04MD0HNM4Z",
        "U04MD4D7CBT",
        "U04MDCF8UHF",
        "U04MDCPURTK",
        "U04MDFZ3NTB",
        "U04MDLFJS82",
        "U04ME7ZGH7T",
        "U04ME8KRSHF",
        "U04METS3YHF",
        "U04MG0U2ZS7",
        "U04MGFJCZ6K",
        "U04MHG01CGH",
        "U04MJKA8E92",
        "U04MK3A68J1",
        "U04MMGPP1A5",
        "U04MMPYDYQH",
        "U04MPMM04H1",
        "U04MQ0RCNGY",
        "U04MQ1B2BGQ",
        "U04MQ1ULRUY",
        "U04MQ2J38JC",
        "U04MQ3CJBS4",
        "U04MQ6GUEPJ",
        "U04MQ90NYFJ",
        "U04MQBR8Z5W",
        "U04MQCMBD24",
        "U04MQHDJ12L",
        "U04MQQPQ9C0",
        "U04MR3L76Q0",
        "U04MR4HP9FA",
        "U04MR6SMS0G",
        "U04MR94VA68",
        "U04MSENK2BS",
        "U04MSS3QLEL",
        "U04MT854ETA",
        "U04MUJEQVEC",
        "U04MVVD7NG0",
        "U04MYHXMGAV",
        "U04N5PG7NPJ",
        "U04N5SKBP08",
        "U04NCHEUQP2",
        "U04NCQWNY86",
        "U04NQP19QJ0",
        "U04P3ELPLN4",
        "U04P7EPCL5R",
        "U04P8LCGBA8",
        "U04P9PBR562",
        "U04PAA4C33R",
        "U04PL8S9ZEZ",
        "U04PTRH3VH8",
        "U04PX4KR14P",
        "U04Q447K5B7",
        "U04Q5NWH7LN",
        "U04Q8824XGX",
        "U04QJNZDDFB",
        "U04RHAWP66Q",
        "U04RSH8N41W",
        "U04SJES55HS",
        "U04TECY80AK",
        "U052NUKLVH9",
        "U053GLLLN87",
        "U053HE028DD",
        "U053HSVS3MM",
        "U053NDAPWCX",
        "U053PBK025D",
        "U053S7VJV2S",
        "U053UQEUDL5",
        "U053WJ8S3DH",
        "U053X1ZQDEH",
        "U053X58446S",
        "U053XAD8NHY",
        "U053XAVDJFQ",
        "U053Y2ZJ37F",
        "U053Y5B8W03",
        "U053Y5G924T",
        "U053Y95HR7D",
        "U053Y9VHNG3",
        "U05400CGALV",
        "U05406WV5S7",
        "U05409EVAUE",
        "U05416L91J6",
        "U05416V844V",
        "U0541HJAQP6",
        "U0542SGQUUU",
        "U0542V02B7U",
        "U0543933AHM",
        "U0543FUPEVC",
        "U0543FXHQJZ",
        "U0543SJ51D4",
        "U054509BGDC",
        "U0547P2EUA0",
        "U05484RJUJG",
        "U0548DDUFU6",
        "U054A8G32HF",
        "U054B8KHCCR",
        "U054CGKBHNC",
        "U054CHG328K",
        "U054D6M6F8V",
        "U054DAHNN93",
        "U054EJEAAMB",
        "U054FKUFWAD",
        "U054GAR43LZ",
        "U054JPH8VFV",
        "U054LAFFB08",
        "U054LBZ2UE6",
        "U054LG237BP",
        "U054QC74F3J",
        "U054SBDRRMW",
        "U054UMB7U48",
        "U054W4LP0D7",
        "U054X191HA6",
        "U054Z3ZM6AU",
        "U054ZGNFS1F",
        "U05565XFKF1",
        "U05565XLP55",
        "U05565ZGVP1",
        "U05565ZPEKH",
        "U0556600PQX",
        "U0556609PJB",
        "U055660HC4X",
        "U055660NB9D",
        "U0556610K1V",
        "U0556612ADV",
        "U0556613WF9",
        "U05566151AT",
        "U05566PTSLF",
        "U05566Q72H5",
        "U0556TU2B9V",
        "U0557RT64U8",
        "U0558HLA90S",
        "U0558N81UES",
        "U0559DC2NRJ",
        "U055E3ZGG1L",
        "U055E3ZKPSA",
        "U055E3ZQK0E",
        "U055E4048G6",
        "U055E41SKD4",
        "U055E423BNJ",
        "U055E42B8G6",
        "U055E42N36J",
        "U055E4348KY",
        "U055E4354PQ",
        "U055E4S5GMC",
        "U055E4TEUVC",
        "U055E4TJCJJ",
        "U055EHS4G92",
        "U055HPJR6NR",
        "U055HPK100M",
        "U055HPM0WF7",
        "U055HPM6REZ",
        "U055HPMRLDT",
        "U055HPN8RGD",
        "U055HQBC0MB",
        "U055HQZL08M",
        "U055LJ3V61Z",
        "U055LJ5NTNF",
        "U055LJ5UVS7",
        "U055LJ6600K",
        "U055LJ67HTM",
        "U055LJ6FYE7",
        "U055LJ6N24B",
        "U055LJ6PRJP",
        "U055LJ6T9MZ",
        "U055LJ79XV1",
        "U055LJW5AQK",
        "U055LN00D2N",
        "U055LN1LL74",
        "U055LN1T8Q2",
        "U055LN24HGS",
        "U055LN2J69G",
        "U055LN30A1G",
        "U055LNS7QHY",
        "U055P6QC6MS",
        "U055P6QGZKN",
        "U055P6QS4GL",
        "U055P6SCQKW",
        "U055P6SDNLU",
        "U055P6SE9FE",
        "U055P6SLP0C",
        "U055P6STAJ0",
        "U055P6TA004",
        "U055P6TG528",
        "U055P6THQMA",
        "U055P6TM7GU",
        "U055P6TUYE8",
        "U055P6U3V8C",
        "U055P7H1XRS",
        "U055TCNLVTK",
        "U055X8Z7MJL",
        "U055ZB15EKB",
        "U055ZB16449",
        "U055ZB1ALGH",
        "U055ZB1BE81",
        "U055ZB1CGRX",
        "U055ZB1DCUR",
        "U055ZB36PEV",
        "U055ZB37BQ9",
        "U055ZB3DE2V",
        "U055ZB3KZ7B",
        "U055ZB3MEL9",
        "U055ZB42WL9",
        "U055ZB4EA0Z",
        "U055ZBTF7AM",
        "U055ZBTPAN5",
        "U055ZBTQ34H",
        "U055ZBUDUNM",
        "U056ACVNN3S",
        "U056ACVTL2C",
        "U056ACY0BL0",
        "U056ACY65ME",
        "U056ACY6U8Y",
        "U056ACYMA5N",
        "U056ACYV6MN",
        "U056ACZ39L0",
        "U056ACZFA48",
        "U056ADN273J",
        "U056ADN7U3S",
        "U056ADN8UEL"
    ],
    "topic": {
        "value": "",
        "creator": "",
        "last_set": 0
    },
    "purpose": {
        "value": "",
        "creator": "",
        "last_set": 0
    }
},
{
    "id": "C04M08E0RQS",
    "name": "22-compiler",
    "created": 1674964610,
    "creator": "U04M05UHX7U",
    "is_archived": false,
    "is_general": false,
    "members": [
        "U04LKPBTEVD",
        "U04LKPBUQ23",
        "U04LKR13MV5",
        "U04LKSJGVGX",
        "U04LKU43D7Z",
        "U04LKU90LQP",
        "U04LKV4QJ6B",
        "U04LL0F5RBR",
        "U04LL25TRDM",
        "U04LL3W0YCF",
        "U04LL3W56F9",
        "U04LL4U62F9",
        "U04LL521XK9",
        "U04LL5E3NMD",
        "U04LL5F20KZ",
        "U04LL5UHC5D",
        "U04LLHES55M",
        "U04LLR36S79",
        "U04LM1LKH0F",
        "U04LMFRQQTH",
        "U04LN2WSWVD",
        "U04LNL0KG31",
        "U04LRKK26LX",
        "U04LTMFBF2A",
        "U04LTMGEMLN",
        "U04LTMVAQ4W",
        "U04LTMXAU3Y",
        "U04LTNE8FHU",
        "U04LTNK3K46",
        "U04LTPT340N",
        "U04LTPY7LES",
        "U04LTQ0M14N",
        "U04LTQ6E486",
        "U04LTQEU346",
        "U04LTT6NJ8N",
        "U04LTUV1LHL",
        "U04LU2NN8TY",
        "U04LUQV2QB0",
        "U04LV1TC17Y",
        "U04LV2JHHB8",
        "U04LVRB5YNS",
        "U04LXBEEHMK",
        "U04LXBG8GAZ",
        "U04LXEQS5PF",
        "U04LXFZ4277",
        "U04LXKBSSQM",
        "U04LXKFJLFP",
        "U04LXKG0729",
        "U04LXLK4EPP",
        "U04LXNGDNH3",
        "U04LXNWJ0HK",
        "U04LXTWCESH",
        "U04LY25D7C5",
        "U04LYELFPLM",
        "U04LYGCMATF",
        "U04LYGJ3945",
        "U04LYGQ3145",
        "U04LYJZ81LM",
        "U04M059CL67",
        "U04M05UHX7U",
        "U04M06CDVC3",
        "U04M06CM95H",
        "U04M0811ZPD",
        "U04M08F2ATD",
        "U04M091M3MZ",
        "U04M09VNDD1",
        "U04M09VRR3L",
        "U04M0AJF3U2",
        "U04M0B0PWMQ",
        "U04M0B1MW67",
        "U04M0B9BKKL",
        "U04M0BDNTRQ",
        "U04M0CJUUCT",
        "U04M0CV8DHR",
        "U04M0D54PEW",
        "U04M0EN2FM0",
        "U04M0EXUSJE",
        "U04M0EZU3L2",
        "U04M0FCLZAN",
        "U04M0FRJ2KD",
        "U04M0KAADU2",
        "U04M0MUABDY",
        "U04M0NBGTDZ",
        "U04M0NCHHV1",
        "U04M0NEBX6W",
        "U04M0Q6HTQA",
        "U04M0S8UMEW",
        "U04M1ASRNBV",
        "U04M1BA4TK4",
        "U04M1LKNQUB",
        "U04M1LQ8RPX",
        "U04M1MCTFM1",
        "U04M1QA3P6X",
        "U04M1R5SD8A",
        "U04M1RMCVQB",
        "U04M23DV3NE",
        "U04M28JU8TV",
        "U04M2NY6U2Y",
        "U04M2PXD15J",
        "U04M2QK6ZHS",
        "U04M2QTD292",
        "U04M2QUG7NY",
        "U04M2RHBD8U",
        "U04M2RTGHUL",
        "U04M2RVTEH2",
        "U04M2SA3MK6",
        "U04M2SSGVLL",
        "U04M2TEM8TE",
        "U04M2TTHAUU",
        "U04M2U60Y4C",
        "U04M31F24CU",
        "U04M348MYJG",
        "U04M39Q8R19",
        "U04M3QR170C",
        "U04M3UUAZTN",
        "U04M3V6RJLF",
        "U04M40PSS3G",
        "U04M46B4N3W",
        "U04M4K9FT7D",
        "U04M51TDQR0",
        "U04M5D0TQUD",
        "U04M7HPGE7N",
        "U04M89H9Y2F",
        "U04M8MYR30X",
        "U04MADK8SF4",
        "U04MATHDDK6",
        "U04MB9UUFK5",
        "U04MCA1D8G5",
        "U04MCUU74TT",
        "U04MCUY6M33",
        "U04MD0GTCG1",
        "U04MD0HNM4Z",
        "U04MD4D7CBT",
        "U04MDCF8UHF",
        "U04MDCPURTK",
        "U04MDFZ3NTB",
        "U04MDLFJS82",
        "U04ME7ZGH7T",
        "U04ME8KRSHF",
        "U04METS3YHF",
        "U04MG0U2ZS7",
        "U04MGFJCZ6K",
        "U04MHG01CGH",
        "U04MJKA8E92",
        "U04MK3A68J1",
        "U04MMGPP1A5",
        "U04MMPYDYQH",
        "U04MPMM04H1",
        "U04MQ0RCNGY",
        "U04MQ1B2BGQ",
        "U04MQ1ULRUY",
        "U04MQ2J38JC",
        "U04MQ3CJBS4",
        "U04MQ6GUEPJ",
        "U04MQ90NYFJ",
        "U04MQBR8Z5W",
        "U04MQCMBD24",
        "U04MQHDJ12L",
        "U04MQQPQ9C0",
        "U04MR3L76Q0",
        "U04MR4HP9FA",
        "U04MR6SMS0G",
        "U04MR94VA68",
        "U04MSENK2BS",
        "U04MSS3QLEL",
        "U04MT854ETA",
        "U04MUJEQVEC",
        "U04MVVD7NG0",
        "U04MYHXMGAV",
        "U04N5PG7NPJ",
        "U04N5SKBP08",
        "U04NCHEUQP2",
        "U04NCQWNY86",
        "U04NQP19QJ0",
        "U04P3ELPLN4",
        "U04P7EPCL5R",
        "U04P8LCGBA8",
        "U04P9PBR562",
        "U04PAA4C33R",
        "U04PL8S9ZEZ",
        "U04PTRH3VH8",
        "U04PX4KR14P",
        "U04Q447K5B7",
        "U04Q5NWH7LN",
        "U04Q8824XGX",
        "U04QJNZDDFB",
        "U04RHAWP66Q",
        "U04RSH8N41W",
        "U04SJES55HS",
        "U04TECY80AK",
        "U052NUKLVH9",
        "U053GLLLN87",
        "U053HE028DD",
        "U053HSVS3MM",
        "U053NDAPWCX",
        "U053PBK025D",
        "U053S7VJV2S",
        "U053UQEUDL5",
        "U053WJ8S3DH",
        "U053X1ZQDEH",
        "U053X58446S",
        "U053XAD8NHY",
        "U053XAVDJFQ",
        "U053Y2ZJ37F",
        "U053Y5B8W03",
        "U053Y5G924T",
        "U053Y95HR7D",
        "U053Y9VHNG3",
        "U05400CGALV",
        "U05406WV5S7",
        "U05409EVAUE",
        "U05416L91J6",
        "U05416V844V",
        "U0541HJAQP6",
        "U0542SGQUUU",
        "U0542V02B7U",
        "U0543933AHM",
        "U0543FUPEVC",
        "U0543FXHQJZ",
        "U0543SJ51D4",
        "U054509BGDC",
        "U0547P2EUA0",
        "U05484RJUJG",
        "U0548DDUFU6",
        "U054A8G32HF",
        "U054B8KHCCR",
        "U054CGKBHNC",
        "U054CHG328K",
        "U054D6M6F8V",
        "U054DAHNN93",
        "U054EJEAAMB",
        "U054FKUFWAD",
        "U054GAR43LZ",
        "U054JPH8VFV",
        "U054LAFFB08",
        "U054LBZ2UE6",
        "U054LG237BP",
        "U054QC74F3J",
        "U054SBDRRMW",
        "U054UMB7U48",
        "U054W4LP0D7",
        "U054X191HA6",
        "U054Z3ZM6AU",
        "U054ZGNFS1F",
        "U05565XFKF1",
        "U05565XLP55",
        "U05565ZGVP1",
        "U05565ZPEKH",
        "U0556600PQX",
        "U0556609PJB",
        "U055660HC4X",
        "U055660NB9D",
        "U0556610K1V",
        "U0556612ADV",
        "U0556613WF9",
        "U05566151AT",
        "U05566PTSLF",
        "U05566Q72H5",
        "U0556TU2B9V",
        "U0557RT64U8",
        "U0558HLA90S",
        "U0558N81UES",
        "U0559DC2NRJ",
        "U055E3ZGG1L",
        "U055E3ZKPSA",
        "U055E3ZQK0E",
        "U055E4048G6",
        "U055E41SKD4",
        "U055E423BNJ",
        "U055E42B8G6",
        "U055E42N36J",
        "U055E4348KY",
        "U055E4354PQ",
        "U055E4S5GMC",
        "U055E4TEUVC",
        "U055E4TJCJJ",
        "U055EHS4G92",
        "U055HPJR6NR",
        "U055HPK100M",
        "U055HPM0WF7",
        "U055HPM6REZ",
        "U055HPMRLDT",
        "U055HPN8RGD",
        "U055HQBC0MB",
        "U055HQZL08M",
        "U055LJ3V61Z",
        "U055LJ5NTNF",
        "U055LJ5UVS7",
        "U055LJ6600K",
        "U055LJ67HTM",
        "U055LJ6FYE7",
        "U055LJ6N24B",
        "U055LJ6PRJP",
        "U055LJ6T9MZ",
        "U055LJ79XV1",
        "U055LJW5AQK",
        "U055LN00D2N",
        "U055LN1LL74",
        "U055LN1T8Q2",
        "U055LN24HGS",
        "U055LN2J69G",
        "U055LN30A1G",
        "U055LNS7QHY",
        "U055P6QC6MS",
        "U055P6QGZKN",
        "U055P6QS4GL",
        "U055P6SCQKW",
        "U055P6SDNLU",
        "U055P6SE9FE",
        "U055P6SLP0C",
        "U055P6STAJ0",
        "U055P6TA004",
        "U055P6TG528",
        "U055P6THQMA",
        "U055P6TM7GU",
        "U055P6TUYE8",
        "U055P6U3V8C",
        "U055P7H1XRS",
        "U055TCNLVTK",
        "U055X8Z7MJL",
        "U055ZB15EKB",
        "U055ZB16449",
        "U055ZB1ALGH",
        "U055ZB1BE81",
        "U055ZB1CGRX",
        "U055ZB1DCUR",
        "U055ZB36PEV",
        "U055ZB37BQ9",
        "U055ZB3DE2V",
        "U055ZB3KZ7B",
        "U055ZB3MEL9",
        "U055ZB42WL9",
        "U055ZB4EA0Z",
        "U055ZBTF7AM",
        "U055ZBTPAN5",
        "U055ZBTQ34H",
        "U055ZBUDUNM",
        "U056ACVNN3S",
        "U056ACVTL2C",
        "U056ACY0BL0",
        "U056ACY65ME",
        "U056ACY6U8Y",
        "U056ACYMA5N",
        "U056ACYV6MN",
        "U056ACZ39L0",
        "U056ACZFA48",
        "U056ADN273J",
        "U056ADN7U3S",
        "U056ADN8UEL"
    ],
    "topic": {
        "value": "",
        "creator": "",
        "last_set": 0
    },
    "purpose": {
        "value": "",
        "creator": "",
        "last_set": 0
    }
},
{
    "id": "C04MCQMF3DF",
    "name": "00-잡담",
    "created": 1674957958,
    "creator": "U04M05UHX7U",
    "is_archived": false,
    "is_general": true,
    "members": [
        "U04LKPBTEVD",
        "U04LKPBUQ23",
        "U04LKR13MV5",
        "U04LKSJGVGX",
        "U04LKU43D7Z",
        "U04LKU90LQP",
        "U04LKV4QJ6B",
        "U04LL0F5RBR",
        "U04LL25TRDM",
        "U04LL3W0YCF",
        "U04LL3W56F9",
        "U04LL4U62F9",
        "U04LL521XK9",
        "U04LL5E3NMD",
        "U04LL5F20KZ",
        "U04LL5UHC5D",
        "U04LLHES55M",
        "U04LLR36S79",
        "U04LM1LKH0F",
        "U04LMFRQQTH",
        "U04LN2WSWVD",
        "U04LNL0KG31",
        "U04LRKK26LX",
        "U04LTMFBF2A",
        "U04LTMGEMLN",
        "U04LTMVAQ4W",
        "U04LTMXAU3Y",
        "U04LTNE8FHU",
        "U04LTNK3K46",
        "U04LTPT340N",
        "U04LTPY7LES",
        "U04LTQ0M14N",
        "U04LTQ6E486",
        "U04LTQEU346",
        "U04LTT6NJ8N",
        "U04LTUV1LHL",
        "U04LU2NN8TY",
        "U04LUQV2QB0",
        "U04LV1TC17Y",
        "U04LV2JHHB8",
        "U04LVRB5YNS",
        "U04LXBEEHMK",
        "U04LXBG8GAZ",
        "U04LXEQS5PF",
        "U04LXFZ4277",
        "U04LXKBSSQM",
        "U04LXKFJLFP",
        "U04LXKG0729",
        "U04LXLK4EPP",
        "U04LXNGDNH3",
        "U04LXNWJ0HK",
        "U04LXTWCESH",
        "U04LY25D7C5",
        "U04LYELFPLM",
        "U04LYGCMATF",
        "U04LYGJ3945",
        "U04LYGQ3145",
        "U04LYJZ81LM",
        "U04M059CL67",
        "U04M05UHX7U",
        "U04M06CDVC3",
        "U04M06CM95H",
        "U04M0811ZPD",
        "U04M08F2ATD",
        "U04M091M3MZ",
        "U04M09VNDD1",
        "U04M09VRR3L",
        "U04M0AJF3U2",
        "U04M0B0PWMQ",
        "U04M0B1MW67",
        "U04M0B9BKKL",
        "U04M0BDNTRQ",
        "U04M0CJUUCT",
        "U04M0CV8DHR",
        "U04M0D54PEW",
        "U04M0EN2FM0",
        "U04M0EXUSJE",
        "U04M0EZU3L2",
        "U04M0FCLZAN",
        "U04M0FRJ2KD",
        "U04M0KAADU2",
        "U04M0MUABDY",
        "U04M0NBGTDZ",
        "U04M0NCHHV1",
        "U04M0NEBX6W",
        "U04M0Q6HTQA",
        "U04M0S8UMEW",
        "U04M1ASRNBV",
        "U04M1BA4TK4",
        "U04M1LKNQUB",
        "U04M1LQ8RPX",
        "U04M1MCTFM1",
        "U04M1QA3P6X",
        "U04M1R5SD8A",
        "U04M1RMCVQB",
        "U04M23DV3NE",
        "U04M28JU8TV",
        "U04M2NY6U2Y",
        "U04M2PXD15J",
        "U04M2QK6ZHS",
        "U04M2QTD292",
        "U04M2QUG7NY",
        "U04M2RHBD8U",
        "U04M2RTGHUL",
        "U04M2RVTEH2",
        "U04M2SA3MK6",
        "U04M2SSGVLL",
        "U04M2TEM8TE",
        "U04M2TTHAUU",
        "U04M2U60Y4C",
        "U04M31F24CU",
        "U04M348MYJG",
        "U04M39Q8R19",
        "U04M3QR170C",
        "U04M3UUAZTN",
        "U04M3V6RJLF",
        "U04M40PSS3G",
        "U04M46B4N3W",
        "U04M4K9FT7D",
        "U04M51TDQR0",
        "U04M5D0TQUD",
        "U04M7HPGE7N",
        "U04M89H9Y2F",
        "U04M8MYR30X",
        "U04MADK8SF4",
        "U04MATHDDK6",
        "U04MB9UUFK5",
        "U04MCA1D8G5",
        "U04MCUU74TT",
        "U04MCUY6M33",
        "U04MD0GTCG1",
        "U04MD0HNM4Z",
        "U04MD4D7CBT",
        "U04MDCF8UHF",
        "U04MDCPURTK",
        "U04MDFZ3NTB",
        "U04MDLFJS82",
        "U04ME7ZGH7T",
        "U04ME8KRSHF",
        "U04METS3YHF",
        "U04MG0U2ZS7",
        "U04MGFJCZ6K",
        "U04MHG01CGH",
        "U04MJKA8E92",
        "U04MK3A68J1",
        "U04MMGPP1A5",
        "U04MMPYDYQH",
        "U04MPMM04H1",
        "U04MQ0RCNGY",
        "U04MQ1B2BGQ",
        "U04MQ1ULRUY",
        "U04MQ2J38JC",
        "U04MQ3CJBS4",
        "U04MQ6GUEPJ",
        "U04MQ90NYFJ",
        "U04MQBR8Z5W",
        "U04MQCMBD24",
        "U04MQHDJ12L",
        "U04MQQPQ9C0",
        "U04MR3L76Q0",
        "U04MR4HP9FA",
        "U04MR6SMS0G",
        "U04MR94VA68",
        "U04MSENK2BS",
        "U04MSS3QLEL",
        "U04MT854ETA",
        "U04MUJEQVEC",
        "U04MVVD7NG0",
        "U04MYHXMGAV",
        "U04N5PG7NPJ",
        "U04N5SKBP08",
        "U04NCHEUQP2",
        "U04NCQWNY86",
        "U04NQP19QJ0",
        "U04P3ELPLN4",
        "U04P7EPCL5R",
        "U04P8LCGBA8",
        "U04P9PBR562",
        "U04PAA4C33R",
        "U04PL8S9ZEZ",
        "U04PTRH3VH8",
        "U04PX4KR14P",
        "U04Q447K5B7",
        "U04Q5NWH7LN",
        "U04Q8824XGX",
        "U04QJNZDDFB",
        "U04RHAWP66Q",
        "U04RSH8N41W",
        "U04SJES55HS",
        "U04TECY80AK",
        "U052NUKLVH9",
        "U053GLLLN87",
        "U053HE028DD",
        "U053HSVS3MM",
        "U053NDAPWCX",
        "U053PBK025D",
        "U053S7VJV2S",
        "U053UQEUDL5",
        "U053WJ8S3DH",
        "U053X1ZQDEH",
        "U053X58446S",
        "U053XAD8NHY",
        "U053XAVDJFQ",
        "U053Y2ZJ37F",
        "U053Y5B8W03",
        "U053Y5G924T",
        "U053Y95HR7D",
        "U053Y9VHNG3",
        "U05400CGALV",
        "U05406WV5S7",
        "U05409EVAUE",
        "U05416L91J6",
        "U05416V844V",
        "U0541HJAQP6",
        "U0542SGQUUU",
        "U0542V02B7U",
        "U0543933AHM",
        "U0543FUPEVC",
        "U0543FXHQJZ",
        "U0543SJ51D4",
        "U054509BGDC",
        "U0547P2EUA0",
        "U05484RJUJG",
        "U0548DDUFU6",
        "U054A8G32HF",
        "U054B8KHCCR",
        "U054CGKBHNC",
        "U054CHG328K",
        "U054D6M6F8V",
        "U054DAHNN93",
        "U054EJEAAMB",
        "U054FKUFWAD",
        "U054GAR43LZ",
        "U054JPH8VFV",
        "U054LAFFB08",
        "U054LBZ2UE6",
        "U054LG237BP",
        "U054QC74F3J",
        "U054SBDRRMW",
        "U054UMB7U48",
        "U054W4LP0D7",
        "U054X191HA6",
        "U054Z3ZM6AU",
        "U054ZGNFS1F",
        "U05565XFKF1",
        "U05565XLP55",
        "U05565ZGVP1",
        "U05565ZPEKH",
        "U0556600PQX",
        "U0556609PJB",
        "U055660HC4X",
        "U055660NB9D",
        "U0556610K1V",
        "U0556612ADV",
        "U0556613WF9",
        "U05566151AT",
        "U05566PTSLF",
        "U05566Q72H5",
        "U0556TU2B9V",
        "U0557RT64U8",
        "U0558HLA90S",
        "U0558N81UES",
        "U0559DC2NRJ",
        "U055E3ZGG1L",
        "U055E3ZKPSA",
        "U055E3ZQK0E",
        "U055E4048G6",
        "U055E41SKD4",
        "U055E423BNJ",
        "U055E42B8G6",
        "U055E42N36J",
        "U055E4348KY",
        "U055E4354PQ",
        "U055E4S5GMC",
        "U055E4TEUVC",
        "U055E4TJCJJ",
        "U055EHS4G92",
        "U055HPJR6NR",
        "U055HPK100M",
        "U055HPM0WF7",
        "U055HPM6REZ",
        "U055HPMRLDT",
        "U055HPN8RGD",
        "U055HQBC0MB",
        "U055HQZL08M",
        "U055LJ3V61Z",
        "U055LJ5NTNF",
        "U055LJ5UVS7",
        "U055LJ6600K",
        "U055LJ67HTM",
        "U055LJ6FYE7",
        "U055LJ6N24B",
        "U055LJ6PRJP",
        "U055LJ6T9MZ",
        "U055LJ79XV1",
        "U055LJW5AQK",
        "U055LN00D2N",
        "U055LN1LL74",
        "U055LN1T8Q2",
        "U055LN24HGS",
        "U055LN2J69G",
        "U055LN30A1G",
        "U055LNS7QHY",
        "U055P6QC6MS",
        "U055P6QGZKN",
        "U055P6QS4GL",
        "U055P6SCQKW",
        "U055P6SDNLU",
        "U055P6SE9FE",
        "U055P6SLP0C",
        "U055P6STAJ0",
        "U055P6TA004",
        "U055P6TG528",
        "U055P6THQMA",
        "U055P6TM7GU",
        "U055P6TUYE8",
        "U055P6U3V8C",
        "U055P7H1XRS",
        "U055TCNLVTK",
        "U055X8Z7MJL",
        "U055ZB15EKB",
        "U055ZB16449",
        "U055ZB1ALGH",
        "U055ZB1BE81",
        "U055ZB1CGRX",
        "U055ZB1DCUR",
        "U055ZB36PEV",
        "U055ZB37BQ9",
        "U055ZB3DE2V",
        "U055ZB3KZ7B",
        "U055ZB3MEL9",
        "U055ZB42WL9",
        "U055ZB4EA0Z",
        "U055ZBTF7AM",
        "U055ZBTPAN5",
        "U055ZBTQ34H",
        "U055ZBUDUNM",
        "U056ACVNN3S",
        "U056ACVTL2C",
        "U056ACY0BL0",
        "U056ACY65ME",
        "U056ACY6U8Y",
        "U056ACYMA5N",
        "U056ACYV6MN",
        "U056ACZ39L0",
        "U056ACZFA48",
        "U056ADN273J",
        "U056ADN7U3S",
        "U056ADN8UEL"
    ],
    "topic": {
        "value": "",
        "creator": "",
        "last_set": 0
    },
    "purpose": {
        "value": "잡담하는 곳입니다.",
        "creator": "U04M05UHX7U",
        "last_set": 1674964659
    }
},
{
    "id": "C04MCSZLPCZ",
    "name": "01-notice",
    "created": 1674964013,
    "creator": "U04M05UHX7U",
    "is_archived": false,
    "is_general": false,
    "members": [
        "U04LKPBTEVD",
        "U04LKPBUQ23",
        "U04LKR13MV5",
        "U04LKSJGVGX",
        "U04LKU43D7Z",
        "U04LKU90LQP",
        "U04LKV4QJ6B",
        "U04LL0F5RBR",
        "U04LL25TRDM",
        "U04LL3W0YCF",
        "U04LL3W56F9",
        "U04LL4U62F9",
        "U04LL521XK9",
        "U04LL5E3NMD",
        "U04LL5F20KZ",
        "U04LL5UHC5D",
        "U04LLHES55M",
        "U04LLR36S79",
        "U04LM1LKH0F",
        "U04LMFRQQTH",
        "U04LN2WSWVD",
        "U04LNL0KG31",
        "U04LRKK26LX",
        "U04LTMFBF2A",
        "U04LTMGEMLN",
        "U04LTMVAQ4W",
        "U04LTMXAU3Y",
        "U04LTNE8FHU",
        "U04LTNK3K46",
        "U04LTPT340N",
        "U04LTPY7LES",
        "U04LTQ0M14N",
        "U04LTQ6E486",
        "U04LTQEU346",
        "U04LTT6NJ8N",
        "U04LTUV1LHL",
        "U04LU2NN8TY",
        "U04LUQV2QB0",
        "U04LV1TC17Y",
        "U04LV2JHHB8",
        "U04LVRB5YNS",
        "U04LXBEEHMK",
        "U04LXBG8GAZ",
        "U04LXEQS5PF",
        "U04LXFZ4277",
        "U04LXKBSSQM",
        "U04LXKFJLFP",
        "U04LXKG0729",
        "U04LXLK4EPP",
        "U04LXNGDNH3",
        "U04LXNWJ0HK",
        "U04LXTWCESH",
        "U04LY25D7C5",
        "U04LYELFPLM",
        "U04LYGCMATF",
        "U04LYGJ3945",
        "U04LYGQ3145",
        "U04LYJZ81LM",
        "U04M059CL67",
        "U04M05UHX7U",
        "U04M06CDVC3",
        "U04M06CM95H",
        "U04M0811ZPD",
        "U04M08F2ATD",
        "U04M091M3MZ",
        "U04M09VNDD1",
        "U04M09VRR3L",
        "U04M0AJF3U2",
        "U04M0B0PWMQ",
        "U04M0B1MW67",
        "U04M0B9BKKL",
        "U04M0BDNTRQ",
        "U04M0CJUUCT",
        "U04M0CV8DHR",
        "U04M0D54PEW",
        "U04M0EN2FM0",
        "U04M0EXUSJE",
        "U04M0EZU3L2",
        "U04M0FCLZAN",
        "U04M0FRJ2KD",
        "U04M0KAADU2",
        "U04M0MUABDY",
        "U04M0NBGTDZ",
        "U04M0NCHHV1",
        "U04M0NEBX6W",
        "U04M0Q6HTQA",
        "U04M0S8UMEW",
        "U04M1ASRNBV",
        "U04M1BA4TK4",
        "U04M1LKNQUB",
        "U04M1LQ8RPX",
        "U04M1MCTFM1",
        "U04M1QA3P6X",
        "U04M1R5SD8A",
        "U04M1RMCVQB",
        "U04M23DV3NE",
        "U04M28JU8TV",
        "U04M2NY6U2Y",
        "U04M2PXD15J",
        "U04M2QK6ZHS",
        "U04M2QTD292",
        "U04M2QUG7NY",
        "U04M2RHBD8U",
        "U04M2RTGHUL",
        "U04M2RVTEH2",
        "U04M2SA3MK6",
        "U04M2SSGVLL",
        "U04M2TEM8TE",
        "U04M2TTHAUU",
        "U04M2U60Y4C",
        "U04M31F24CU",
        "U04M348MYJG",
        "U04M39Q8R19",
        "U04M3QR170C",
        "U04M3UUAZTN",
        "U04M3V6RJLF",
        "U04M40PSS3G",
        "U04M46B4N3W",
        "U04M4K9FT7D",
        "U04M51TDQR0",
        "U04M5D0TQUD",
        "U04M7HPGE7N",
        "U04M89H9Y2F",
        "U04M8MYR30X",
        "U04MADK8SF4",
        "U04MATHDDK6",
        "U04MB9UUFK5",
        "U04MCA1D8G5",
        "U04MCUU74TT",
        "U04MCUY6M33",
        "U04MD0GTCG1",
        "U04MD0HNM4Z",
        "U04MD4D7CBT",
        "U04MDCF8UHF",
        "U04MDCPURTK",
        "U04MDFZ3NTB",
        "U04MDLFJS82",
        "U04ME7ZGH7T",
        "U04ME8KRSHF",
        "U04METS3YHF",
        "U04MG0U2ZS7",
        "U04MGFJCZ6K",
        "U04MHG01CGH",
        "U04MJKA8E92",
        "U04MK3A68J1",
        "U04MMGPP1A5",
        "U04MMPYDYQH",
        "U04MPMM04H1",
        "U04MQ0RCNGY",
        "U04MQ1B2BGQ",
        "U04MQ1ULRUY",
        "U04MQ2J38JC",
        "U04MQ3CJBS4",
        "U04MQ6GUEPJ",
        "U04MQ90NYFJ",
        "U04MQBR8Z5W",
        "U04MQCMBD24",
        "U04MQHDJ12L",
        "U04MQQPQ9C0",
        "U04MR3L76Q0",
        "U04MR4HP9FA",
        "U04MR6SMS0G",
        "U04MR94VA68",
        "U04MSENK2BS",
        "U04MSS3QLEL",
        "U04MT854ETA",
        "U04MUJEQVEC",
        "U04MVVD7NG0",
        "U04MYHXMGAV",
        "U04N5PG7NPJ",
        "U04N5SKBP08",
        "U04NCHEUQP2",
        "U04NCQWNY86",
        "U04NQP19QJ0",
        "U04P3ELPLN4",
        "U04P7EPCL5R",
        "U04P8LCGBA8",
        "U04P9PBR562",
        "U04PAA4C33R",
        "U04PL8S9ZEZ",
        "U04PTRH3VH8",
        "U04PX4KR14P",
        "U04Q447K5B7",
        "U04Q5NWH7LN",
        "U04Q8824XGX",
        "U04QJNZDDFB",
        "U04RHAWP66Q",
        "U04RSH8N41W",
        "U04SJES55HS",
        "U04TECY80AK",
        "U052NUKLVH9",
        "U053GLLLN87",
        "U053HE028DD",
        "U053HSVS3MM",
        "U053NDAPWCX",
        "U053PBK025D",
        "U053S7VJV2S",
        "U053UQEUDL5",
        "U053WJ8S3DH",
        "U053X1ZQDEH",
        "U053X58446S",
        "U053XAD8NHY",
        "U053XAVDJFQ",
        "U053Y2ZJ37F",
        "U053Y5B8W03",
        "U053Y5G924T",
        "U053Y95HR7D",
        "U053Y9VHNG3",
        "U05400CGALV",
        "U05406WV5S7",
        "U05409EVAUE",
        "U05416L91J6",
        "U05416V844V",
        "U0541HJAQP6",
        "U0542SGQUUU",
        "U0542V02B7U",
        "U0543933AHM",
        "U0543FUPEVC",
        "U0543FXHQJZ",
        "U0543SJ51D4",
        "U054509BGDC",
        "U0547P2EUA0",
        "U05484RJUJG",
        "U0548DDUFU6",
        "U054A8G32HF",
        "U054B8KHCCR",
        "U054CGKBHNC",
        "U054CHG328K",
        "U054D6M6F8V",
        "U054DAHNN93",
        "U054EJEAAMB",
        "U054FKUFWAD",
        "U054GAR43LZ",
        "U054JPH8VFV",
        "U054LAFFB08",
        "U054LBZ2UE6",
        "U054LG237BP",
        "U054QC74F3J",
        "U054SBDRRMW",
        "U054UMB7U48",
        "U054W4LP0D7",
        "U054X191HA6",
        "U054Z3ZM6AU",
        "U054ZGNFS1F",
        "U05565XFKF1",
        "U05565XLP55",
        "U05565ZGVP1",
        "U05565ZPEKH",
        "U0556600PQX",
        "U0556609PJB",
        "U055660HC4X",
        "U055660NB9D",
        "U0556610K1V",
        "U0556612ADV",
        "U0556613WF9",
        "U05566151AT",
        "U05566PTSLF",
        "U05566Q72H5",
        "U0556TU2B9V",
        "U0557RT64U8",
        "U0558HLA90S",
        "U0558N81UES",
        "U0559DC2NRJ",
        "U055E3ZGG1L",
        "U055E3ZKPSA",
        "U055E3ZQK0E",
        "U055E4048G6",
        "U055E41SKD4",
        "U055E423BNJ",
        "U055E42B8G6",
        "U055E42N36J",
        "U055E4348KY",
        "U055E4354PQ",
        "U055E4S5GMC",
        "U055E4TEUVC",
        "U055E4TJCJJ",
        "U055EHS4G92",
        "U055HPJR6NR",
        "U055HPK100M",
        "U055HPM0WF7",
        "U055HPM6REZ",
        "U055HPMRLDT",
        "U055HPN8RGD",
        "U055HQBC0MB",
        "U055HQZL08M",
        "U055LJ3V61Z",
        "U055LJ5NTNF",
        "U055LJ5UVS7",
        "U055LJ6600K",
        "U055LJ67HTM",
        "U055LJ6FYE7",
        "U055LJ6N24B",
        "U055LJ6PRJP",
        "U055LJ6T9MZ",
        "U055LJ79XV1",
        "U055LJW5AQK",
        "U055LN00D2N",
        "U055LN1LL74",
        "U055LN1T8Q2",
        "U055LN24HGS",
        "U055LN2J69G",
        "U055LN30A1G",
        "U055LNS7QHY",
        "U055P6QC6MS",
        "U055P6QGZKN",
        "U055P6QS4GL",
        "U055P6SCQKW",
        "U055P6SDNLU",
        "U055P6SE9FE",
        "U055P6SLP0C",
        "U055P6STAJ0",
        "U055P6TA004",
        "U055P6TG528",
        "U055P6THQMA",
        "U055P6TM7GU",
        "U055P6TUYE8",
        "U055P6U3V8C",
        "U055P7H1XRS",
        "U055TCNLVTK",
        "U055X8Z7MJL",
        "U055ZB15EKB",
        "U055ZB16449",
        "U055ZB1ALGH",
        "U055ZB1BE81",
        "U055ZB1CGRX",
        "U055ZB1DCUR",
        "U055ZB36PEV",
        "U055ZB37BQ9",
        "U055ZB3DE2V",
        "U055ZB3KZ7B",
        "U055ZB3MEL9",
        "U055ZB42WL9",
        "U055ZB4EA0Z",
        "U055ZBTF7AM",
        "U055ZBTPAN5",
        "U055ZBTQ34H",
        "U055ZBUDUNM",
        "U056ACVNN3S",
        "U056ACVTL2C",
        "U056ACY0BL0",
        "U056ACY65ME",
        "U056ACY6U8Y",
        "U056ACYMA5N",
        "U056ACYV6MN",
        "U056ACZ39L0",
        "U056ACZFA48",
        "U056ADN273J",
        "U056ADN7U3S",
        "U056ADN8UEL"
    ],
    "topic": {
        "value": "",
        "creator": "",
        "last_set": 0
    },
    "purpose": {
        "value": "공지 사항\n- 이름은 이름\/소속으로 부탁드립니다.\n- 논문리뷰\/질문\/기술 센싱 자유롭게 남겨주세요.",
        "creator": "U04M05UHX7U",
        "last_set": 1674968257
    }
},
{
    "id": "C04MCT13UNM",
    "name": "14-nlp-경량화",
    "created": 1674964129,
    "creator": "U04M05UHX7U",
    "is_archived": false,
    "is_general": false,
    "members": [
        "U04LKPBTEVD",
        "U04LKPBUQ23",
        "U04LKR13MV5",
        "U04LKSJGVGX",
        "U04LKU43D7Z",
        "U04LKU90LQP",
        "U04LKV4QJ6B",
        "U04LL0F5RBR",
        "U04LL25TRDM",
        "U04LL3W0YCF",
        "U04LL3W56F9",
        "U04LL4U62F9",
        "U04LL521XK9",
        "U04LL5E3NMD",
        "U04LL5F20KZ",
        "U04LL5UHC5D",
        "U04LLHES55M",
        "U04LLR36S79",
        "U04LM1LKH0F",
        "U04LMFRQQTH",
        "U04LN2WSWVD",
        "U04LNL0KG31",
        "U04LRKK26LX",
        "U04LTMFBF2A",
        "U04LTMGEMLN",
        "U04LTMVAQ4W",
        "U04LTMXAU3Y",
        "U04LTNE8FHU",
        "U04LTNK3K46",
        "U04LTPT340N",
        "U04LTPY7LES",
        "U04LTQ0M14N",
        "U04LTQ6E486",
        "U04LTQEU346",
        "U04LTT6NJ8N",
        "U04LTUV1LHL",
        "U04LU2NN8TY",
        "U04LUQV2QB0",
        "U04LV1TC17Y",
        "U04LV2JHHB8",
        "U04LVRB5YNS",
        "U04LXBEEHMK",
        "U04LXBG8GAZ",
        "U04LXEQS5PF",
        "U04LXFZ4277",
        "U04LXKBSSQM",
        "U04LXKFJLFP",
        "U04LXKG0729",
        "U04LXLK4EPP",
        "U04LXNGDNH3",
        "U04LXNWJ0HK",
        "U04LXTWCESH",
        "U04LY25D7C5",
        "U04LYELFPLM",
        "U04LYGCMATF",
        "U04LYGJ3945",
        "U04LYGQ3145",
        "U04LYJZ81LM",
        "U04M059CL67",
        "U04M05UHX7U",
        "U04M06CDVC3",
        "U04M06CM95H",
        "U04M0811ZPD",
        "U04M08F2ATD",
        "U04M091M3MZ",
        "U04M09VNDD1",
        "U04M09VRR3L",
        "U04M0AJF3U2",
        "U04M0B0PWMQ",
        "U04M0B1MW67",
        "U04M0B9BKKL",
        "U04M0BDNTRQ",
        "U04M0CJUUCT",
        "U04M0CV8DHR",
        "U04M0D54PEW",
        "U04M0EN2FM0",
        "U04M0EXUSJE",
        "U04M0EZU3L2",
        "U04M0FCLZAN",
        "U04M0FRJ2KD",
        "U04M0KAADU2",
        "U04M0MUABDY",
        "U04M0NBGTDZ",
        "U04M0NCHHV1",
        "U04M0NEBX6W",
        "U04M0Q6HTQA",
        "U04M0S8UMEW",
        "U04M1ASRNBV",
        "U04M1BA4TK4",
        "U04M1LKNQUB",
        "U04M1LQ8RPX",
        "U04M1MCTFM1",
        "U04M1QA3P6X",
        "U04M1R5SD8A",
        "U04M1RMCVQB",
        "U04M23DV3NE",
        "U04M28JU8TV",
        "U04M2NY6U2Y",
        "U04M2PXD15J",
        "U04M2QK6ZHS",
        "U04M2QTD292",
        "U04M2QUG7NY",
        "U04M2RHBD8U",
        "U04M2RTGHUL",
        "U04M2RVTEH2",
        "U04M2SA3MK6",
        "U04M2SSGVLL",
        "U04M2TEM8TE",
        "U04M2TTHAUU",
        "U04M2U60Y4C",
        "U04M31F24CU",
        "U04M348MYJG",
        "U04M39Q8R19",
        "U04M3QR170C",
        "U04M3UUAZTN",
        "U04M3V6RJLF",
        "U04M40PSS3G",
        "U04M46B4N3W",
        "U04M4K9FT7D",
        "U04M51TDQR0",
        "U04M5D0TQUD",
        "U04M7HPGE7N",
        "U04M89H9Y2F",
        "U04M8MYR30X",
        "U04MADK8SF4",
        "U04MATHDDK6",
        "U04MB9UUFK5",
        "U04MCA1D8G5",
        "U04MCUU74TT",
        "U04MCUY6M33",
        "U04MD0GTCG1",
        "U04MD0HNM4Z",
        "U04MD4D7CBT",
        "U04MDCF8UHF",
        "U04MDCPURTK",
        "U04MDFZ3NTB",
        "U04MDLFJS82",
        "U04ME7ZGH7T",
        "U04ME8KRSHF",
        "U04METS3YHF",
        "U04MG0U2ZS7",
        "U04MGFJCZ6K",
        "U04MHG01CGH",
        "U04MJKA8E92",
        "U04MK3A68J1",
        "U04MMGPP1A5",
        "U04MMPYDYQH",
        "U04MPMM04H1",
        "U04MQ0RCNGY",
        "U04MQ1B2BGQ",
        "U04MQ1ULRUY",
        "U04MQ2J38JC",
        "U04MQ3CJBS4",
        "U04MQ6GUEPJ",
        "U04MQ90NYFJ",
        "U04MQBR8Z5W",
        "U04MQCMBD24",
        "U04MQHDJ12L",
        "U04MQQPQ9C0",
        "U04MR3L76Q0",
        "U04MR4HP9FA",
        "U04MR6SMS0G",
        "U04MR94VA68",
        "U04MSENK2BS",
        "U04MSS3QLEL",
        "U04MT854ETA",
        "U04MUJEQVEC",
        "U04MVVD7NG0",
        "U04MYHXMGAV",
        "U04N5PG7NPJ",
        "U04N5SKBP08",
        "U04NCHEUQP2",
        "U04NCQWNY86",
        "U04NQP19QJ0",
        "U04P3ELPLN4",
        "U04P7EPCL5R",
        "U04P8LCGBA8",
        "U04P9PBR562",
        "U04PAA4C33R",
        "U04PL8S9ZEZ",
        "U04PTRH3VH8",
        "U04PX4KR14P",
        "U04Q447K5B7",
        "U04Q5NWH7LN",
        "U04Q8824XGX",
        "U04QJNZDDFB",
        "U04RHAWP66Q",
        "U04RSH8N41W",
        "U04SJES55HS",
        "U04TECY80AK",
        "U052NUKLVH9",
        "U053GLLLN87",
        "U053HE028DD",
        "U053HSVS3MM",
        "U053NDAPWCX",
        "U053PBK025D",
        "U053S7VJV2S",
        "U053UQEUDL5",
        "U053WJ8S3DH",
        "U053X1ZQDEH",
        "U053X58446S",
        "U053XAD8NHY",
        "U053XAVDJFQ",
        "U053Y2ZJ37F",
        "U053Y5B8W03",
        "U053Y5G924T",
        "U053Y95HR7D",
        "U053Y9VHNG3",
        "U05400CGALV",
        "U05406WV5S7",
        "U05409EVAUE",
        "U05416L91J6",
        "U05416V844V",
        "U0541HJAQP6",
        "U0542SGQUUU",
        "U0542V02B7U",
        "U0543933AHM",
        "U0543FUPEVC",
        "U0543FXHQJZ",
        "U0543SJ51D4",
        "U054509BGDC",
        "U0547P2EUA0",
        "U05484RJUJG",
        "U0548DDUFU6",
        "U054A8G32HF",
        "U054B8KHCCR",
        "U054CGKBHNC",
        "U054CHG328K",
        "U054D6M6F8V",
        "U054DAHNN93",
        "U054EJEAAMB",
        "U054FKUFWAD",
        "U054GAR43LZ",
        "U054JPH8VFV",
        "U054LAFFB08",
        "U054LBZ2UE6",
        "U054LG237BP",
        "U054QC74F3J",
        "U054SBDRRMW",
        "U054UMB7U48",
        "U054W4LP0D7",
        "U054X191HA6",
        "U054Z3ZM6AU",
        "U054ZGNFS1F",
        "U05565XFKF1",
        "U05565XLP55",
        "U05565ZGVP1",
        "U05565ZPEKH",
        "U0556600PQX",
        "U0556609PJB",
        "U055660HC4X",
        "U055660NB9D",
        "U0556610K1V",
        "U0556612ADV",
        "U0556613WF9",
        "U05566151AT",
        "U05566PTSLF",
        "U05566Q72H5",
        "U0556TU2B9V",
        "U0557RT64U8",
        "U0558HLA90S",
        "U0558N81UES",
        "U0559DC2NRJ",
        "U055E3ZGG1L",
        "U055E3ZKPSA",
        "U055E3ZQK0E",
        "U055E4048G6",
        "U055E41SKD4",
        "U055E423BNJ",
        "U055E42B8G6",
        "U055E42N36J",
        "U055E4348KY",
        "U055E4354PQ",
        "U055E4S5GMC",
        "U055E4TEUVC",
        "U055E4TJCJJ",
        "U055EHS4G92",
        "U055HPJR6NR",
        "U055HPK100M",
        "U055HPM0WF7",
        "U055HPM6REZ",
        "U055HPMRLDT",
        "U055HPN8RGD",
        "U055HQBC0MB",
        "U055HQZL08M",
        "U055LJ3V61Z",
        "U055LJ5NTNF",
        "U055LJ5UVS7",
        "U055LJ6600K",
        "U055LJ67HTM",
        "U055LJ6FYE7",
        "U055LJ6N24B",
        "U055LJ6PRJP",
        "U055LJ6T9MZ",
        "U055LJ79XV1",
        "U055LJW5AQK",
        "U055LN00D2N",
        "U055LN1LL74",
        "U055LN1T8Q2",
        "U055LN24HGS",
        "U055LN2J69G",
        "U055LN30A1G",
        "U055LNS7QHY",
        "U055P6QC6MS",
        "U055P6QGZKN",
        "U055P6QS4GL",
        "U055P6SCQKW",
        "U055P6SDNLU",
        "U055P6SE9FE",
        "U055P6SLP0C",
        "U055P6STAJ0",
        "U055P6TA004",
        "U055P6TG528",
        "U055P6THQMA",
        "U055P6TM7GU",
        "U055P6TUYE8",
        "U055P6U3V8C",
        "U055P7H1XRS",
        "U055TCNLVTK",
        "U055X8Z7MJL",
        "U055ZB15EKB",
        "U055ZB16449",
        "U055ZB1ALGH",
        "U055ZB1BE81",
        "U055ZB1CGRX",
        "U055ZB1DCUR",
        "U055ZB36PEV",
        "U055ZB37BQ9",
        "U055ZB3DE2V",
        "U055ZB3KZ7B",
        "U055ZB3MEL9",
        "U055ZB42WL9",
        "U055ZB4EA0Z",
        "U055ZBTF7AM",
        "U055ZBTPAN5",
        "U055ZBTQ34H",
        "U055ZBUDUNM",
        "U056ACVNN3S",
        "U056ACVTL2C",
        "U056ACY0BL0",
        "U056ACY65ME",
        "U056ACY6U8Y",
        "U056ACYMA5N",
        "U056ACYV6MN",
        "U056ACZ39L0",
        "U056ACZFA48",
        "U056ADN273J",
        "U056ADN7U3S",
        "U056ADN8UEL"
    ],
    "topic": {
        "value": "",
        "creator": "",
        "last_set": 0
    },
    "purpose": {
        "value": "",
        "creator": "",
        "last_set": 0
    }
},
{
    "id": "C04MPUQRPPA",
    "name": "90-딥러닝-일반",
    "created": 1674964505,
    "creator": "U04M05UHX7U",
    "is_archived": false,
    "is_general": false,
    "members": [
        "U04LKPBTEVD",
        "U04LKPBUQ23",
        "U04LKR13MV5",
        "U04LKSJGVGX",
        "U04LKU43D7Z",
        "U04LKU90LQP",
        "U04LKV4QJ6B",
        "U04LL0F5RBR",
        "U04LL25TRDM",
        "U04LL3W0YCF",
        "U04LL3W56F9",
        "U04LL4U62F9",
        "U04LL521XK9",
        "U04LL5E3NMD",
        "U04LL5F20KZ",
        "U04LL5UHC5D",
        "U04LLHES55M",
        "U04LLR36S79",
        "U04LM1LKH0F",
        "U04LMFRQQTH",
        "U04LN2WSWVD",
        "U04LNL0KG31",
        "U04LRKK26LX",
        "U04LTMFBF2A",
        "U04LTMGEMLN",
        "U04LTMVAQ4W",
        "U04LTMXAU3Y",
        "U04LTNE8FHU",
        "U04LTNK3K46",
        "U04LTPT340N",
        "U04LTPY7LES",
        "U04LTQ0M14N",
        "U04LTQ6E486",
        "U04LTQEU346",
        "U04LTT6NJ8N",
        "U04LTUV1LHL",
        "U04LU2NN8TY",
        "U04LUQV2QB0",
        "U04LV1TC17Y",
        "U04LV2JHHB8",
        "U04LVRB5YNS",
        "U04LXBEEHMK",
        "U04LXBG8GAZ",
        "U04LXEQS5PF",
        "U04LXFZ4277",
        "U04LXKBSSQM",
        "U04LXKFJLFP",
        "U04LXKG0729",
        "U04LXLK4EPP",
        "U04LXNGDNH3",
        "U04LXNWJ0HK",
        "U04LXTWCESH",
        "U04LY25D7C5",
        "U04LYELFPLM",
        "U04LYGCMATF",
        "U04LYGJ3945",
        "U04LYGQ3145",
        "U04LYJZ81LM",
        "U04M059CL67",
        "U04M05UHX7U",
        "U04M06CDVC3",
        "U04M06CM95H",
        "U04M0811ZPD",
        "U04M08F2ATD",
        "U04M091M3MZ",
        "U04M09VNDD1",
        "U04M09VRR3L",
        "U04M0AJF3U2",
        "U04M0B0PWMQ",
        "U04M0B1MW67",
        "U04M0B9BKKL",
        "U04M0BDNTRQ",
        "U04M0CJUUCT",
        "U04M0CV8DHR",
        "U04M0D54PEW",
        "U04M0EN2FM0",
        "U04M0EXUSJE",
        "U04M0EZU3L2",
        "U04M0FCLZAN",
        "U04M0FRJ2KD",
        "U04M0KAADU2",
        "U04M0MUABDY",
        "U04M0NBGTDZ",
        "U04M0NCHHV1",
        "U04M0NEBX6W",
        "U04M0Q6HTQA",
        "U04M0S8UMEW",
        "U04M1ASRNBV",
        "U04M1BA4TK4",
        "U04M1LKNQUB",
        "U04M1LQ8RPX",
        "U04M1MCTFM1",
        "U04M1QA3P6X",
        "U04M1R5SD8A",
        "U04M1RMCVQB",
        "U04M23DV3NE",
        "U04M28JU8TV",
        "U04M2NY6U2Y",
        "U04M2PXD15J",
        "U04M2QK6ZHS",
        "U04M2QTD292",
        "U04M2QUG7NY",
        "U04M2RHBD8U",
        "U04M2RTGHUL",
        "U04M2RVTEH2",
        "U04M2SA3MK6",
        "U04M2SSGVLL",
        "U04M2TEM8TE",
        "U04M2TTHAUU",
        "U04M2U60Y4C",
        "U04M31F24CU",
        "U04M348MYJG",
        "U04M39Q8R19",
        "U04M3QR170C",
        "U04M3UUAZTN",
        "U04M3V6RJLF",
        "U04M40PSS3G",
        "U04M46B4N3W",
        "U04M4K9FT7D",
        "U04M51TDQR0",
        "U04M5D0TQUD",
        "U04M7HPGE7N",
        "U04M89H9Y2F",
        "U04M8MYR30X",
        "U04MADK8SF4",
        "U04MATHDDK6",
        "U04MB9UUFK5",
        "U04MCA1D8G5",
        "U04MCUU74TT",
        "U04MCUY6M33",
        "U04MD0GTCG1",
        "U04MD0HNM4Z",
        "U04MD4D7CBT",
        "U04MDCF8UHF",
        "U04MDCPURTK",
        "U04MDFZ3NTB",
        "U04MDLFJS82",
        "U04ME7ZGH7T",
        "U04ME8KRSHF",
        "U04METS3YHF",
        "U04MG0U2ZS7",
        "U04MGFJCZ6K",
        "U04MHG01CGH",
        "U04MJKA8E92",
        "U04MK3A68J1",
        "U04MMGPP1A5",
        "U04MMPYDYQH",
        "U04MPMM04H1",
        "U04MQ0RCNGY",
        "U04MQ1B2BGQ",
        "U04MQ1ULRUY",
        "U04MQ2J38JC",
        "U04MQ3CJBS4",
        "U04MQ6GUEPJ",
        "U04MQ90NYFJ",
        "U04MQBR8Z5W",
        "U04MQCMBD24",
        "U04MQHDJ12L",
        "U04MQQPQ9C0",
        "U04MR3L76Q0",
        "U04MR4HP9FA",
        "U04MR6SMS0G",
        "U04MR94VA68",
        "U04MSENK2BS",
        "U04MSS3QLEL",
        "U04MT854ETA",
        "U04MUJEQVEC",
        "U04MVVD7NG0",
        "U04MYHXMGAV",
        "U04N5PG7NPJ",
        "U04N5SKBP08",
        "U04NCHEUQP2",
        "U04NCQWNY86",
        "U04NQP19QJ0",
        "U04P3ELPLN4",
        "U04P7EPCL5R",
        "U04P8LCGBA8",
        "U04P9PBR562",
        "U04PAA4C33R",
        "U04PL8S9ZEZ",
        "U04PTRH3VH8",
        "U04PX4KR14P",
        "U04Q447K5B7",
        "U04Q5NWH7LN",
        "U04Q8824XGX",
        "U04QJNZDDFB",
        "U04RHAWP66Q",
        "U04RSH8N41W",
        "U04SJES55HS",
        "U04TECY80AK",
        "U052NUKLVH9",
        "U053GLLLN87",
        "U053HE028DD",
        "U053HSVS3MM",
        "U053NDAPWCX",
        "U053PBK025D",
        "U053S7VJV2S",
        "U053UQEUDL5",
        "U053WJ8S3DH",
        "U053X1ZQDEH",
        "U053X58446S",
        "U053XAD8NHY",
        "U053XAVDJFQ",
        "U053Y2ZJ37F",
        "U053Y5B8W03",
        "U053Y5G924T",
        "U053Y95HR7D",
        "U053Y9VHNG3",
        "U05400CGALV",
        "U05406WV5S7",
        "U05409EVAUE",
        "U05416L91J6",
        "U05416V844V",
        "U0541HJAQP6",
        "U0542SGQUUU",
        "U0542V02B7U",
        "U0543933AHM",
        "U0543FUPEVC",
        "U0543FXHQJZ",
        "U0543SJ51D4",
        "U054509BGDC",
        "U0547P2EUA0",
        "U05484RJUJG",
        "U0548DDUFU6",
        "U054A8G32HF",
        "U054B8KHCCR",
        "U054CGKBHNC",
        "U054CHG328K",
        "U054D6M6F8V",
        "U054DAHNN93",
        "U054EJEAAMB",
        "U054FKUFWAD",
        "U054GAR43LZ",
        "U054JPH8VFV",
        "U054LAFFB08",
        "U054LBZ2UE6",
        "U054LG237BP",
        "U054QC74F3J",
        "U054SBDRRMW",
        "U054UMB7U48",
        "U054W4LP0D7",
        "U054X191HA6",
        "U054Z3ZM6AU",
        "U054ZGNFS1F",
        "U05565XFKF1",
        "U05565XLP55",
        "U05565ZGVP1",
        "U05565ZPEKH",
        "U0556600PQX",
        "U0556609PJB",
        "U055660HC4X",
        "U055660NB9D",
        "U0556610K1V",
        "U0556612ADV",
        "U0556613WF9",
        "U05566151AT",
        "U05566PTSLF",
        "U05566Q72H5",
        "U0556TU2B9V",
        "U0557RT64U8",
        "U0558HLA90S",
        "U0558N81UES",
        "U0559DC2NRJ",
        "U055E3ZGG1L",
        "U055E3ZKPSA",
        "U055E3ZQK0E",
        "U055E4048G6",
        "U055E41SKD4",
        "U055E423BNJ",
        "U055E42B8G6",
        "U055E42N36J",
        "U055E4348KY",
        "U055E4354PQ",
        "U055E4S5GMC",
        "U055E4TEUVC",
        "U055E4TJCJJ",
        "U055EHS4G92",
        "U055HPJR6NR",
        "U055HPK100M",
        "U055HPM0WF7",
        "U055HPM6REZ",
        "U055HPMRLDT",
        "U055HPN8RGD",
        "U055HQBC0MB",
        "U055HQZL08M",
        "U055LJ3V61Z",
        "U055LJ5NTNF",
        "U055LJ5UVS7",
        "U055LJ6600K",
        "U055LJ67HTM",
        "U055LJ6FYE7",
        "U055LJ6N24B",
        "U055LJ6PRJP",
        "U055LJ6T9MZ",
        "U055LJ79XV1",
        "U055LJW5AQK",
        "U055LN00D2N",
        "U055LN1LL74",
        "U055LN1T8Q2",
        "U055LN24HGS",
        "U055LN2J69G",
        "U055LN30A1G",
        "U055LNS7QHY",
        "U055P6QC6MS",
        "U055P6QGZKN",
        "U055P6QS4GL",
        "U055P6SCQKW",
        "U055P6SDNLU",
        "U055P6SE9FE",
        "U055P6SLP0C",
        "U055P6STAJ0",
        "U055P6TA004",
        "U055P6TG528",
        "U055P6THQMA",
        "U055P6TM7GU",
        "U055P6TUYE8",
        "U055P6U3V8C",
        "U055P7H1XRS",
        "U055TCNLVTK",
        "U055X8Z7MJL",
        "U055ZB15EKB",
        "U055ZB16449",
        "U055ZB1ALGH",
        "U055ZB1BE81",
        "U055ZB1CGRX",
        "U055ZB1DCUR",
        "U055ZB36PEV",
        "U055ZB37BQ9",
        "U055ZB3DE2V",
        "U055ZB3KZ7B",
        "U055ZB3MEL9",
        "U055ZB42WL9",
        "U055ZB4EA0Z",
        "U055ZBTF7AM",
        "U055ZBTPAN5",
        "U055ZBTQ34H",
        "U055ZBUDUNM",
        "U056ACVNN3S",
        "U056ACVTL2C",
        "U056ACY0BL0",
        "U056ACY65ME",
        "U056ACY6U8Y",
        "U056ACYMA5N",
        "U056ACYV6MN",
        "U056ACZ39L0",
        "U056ACZFA48",
        "U056ADN273J",
        "U056ADN7U3S",
        "U056ADN8UEL"
    ],
    "topic": {
        "value": "",
        "creator": "",
        "last_set": 0
    },
    "purpose": {
        "value": "",
        "creator": "",
        "last_set": 0
    }
}
]