[
    {
        "client_msg_id": "6f2ec13e-f800-4a7f-b64d-537f4f478fd1",
        "type": "message",
        "text": "안녕하세요. 경량화 관련 공부하기 위해 가입했습니다. 잘부탁드립니다!",
        "user": "U054CGKBHNC",
        "ts": "1682037534.438939",
        "blocks": [
            {
                "type": "rich_text",
                "block_id": "sG2",
                "elements": [
                    {
                        "type": "rich_text_section",
                        "elements": [
                            {
                                "type": "text",
                                "text": "안녕하세요. 경량화 관련 공부하기 위해 가입했습니다. 잘부탁드립니다!"
                            }
                        ]
                    }
                ]
            }
        ],
        "team": "T04MCQMEXQ9",
        "user_team": "T04MCQMEXQ9",
        "source_team": "T04MCQMEXQ9",
        "user_profile": {
            "avatar_hash": "ff0ddbe19e5c",
            "image_72": "https:\/\/avatars.slack-edge.com\/2023-04-17\/5148563443504_ff0ddbe19e5c540a72e7_72.png",
            "first_name": "황인선\/LG",
            "real_name": "황인선\/LG Uplus",
            "display_name": "황인선\/LG Uplus",
            "team": "T04MCQMEXQ9",
            "name": "spsun89",
            "is_restricted": false,
            "is_ultra_restricted": false
        },
        "reactions": [
            {
                "name": "raised_hands",
                "users": [
                    "U04MQ1B2BGQ",
                    "U04LTMVAQ4W",
                    "U04M05UHX7U",
                    "U04M091M3MZ",
                    "U04M2NY6U2Y",
                    "U055ZB3MEL9"
                ],
                "count": 6
            }
        ]
    }
]