[
    {
        "client_msg_id": "1da23cfe-fb76-42b2-980a-f092f55a17b6",
        "type": "message",
        "text": "안녕하세요! 경량화에 관심이 많아 공부하기 위해 가입했습니다. 선배님들께 많이 배우고 싶습니다. 잘 부탁드립니다!",
        "user": "U054LBZ2UE6",
        "ts": "1682332059.343309",
        "blocks": [
            {
                "type": "rich_text",
                "block_id": "Eczug",
                "elements": [
                    {
                        "type": "rich_text_section",
                        "elements": [
                            {
                                "type": "text",
                                "text": "안녕하세요! 경량화에 관심이 많아 공부하기 위해 가입했습니다. 선배님들께 많이 배우고 싶습니다. 잘 부탁드립니다!"
                            }
                        ]
                    }
                ]
            }
        ],
        "team": "T04MCQMEXQ9",
        "user_team": "T04MCQMEXQ9",
        "source_team": "T04MCQMEXQ9",
        "user_profile": {
            "avatar_hash": "08fcdacf6eef",
            "image_72": "https:\/\/avatars.slack-edge.com\/2023-04-24\/5156407199106_08fcdacf6eef03f4cea0_72.jpg",
            "first_name": "NerD",
            "real_name": "NerD Jung",
            "display_name": "정우준\/경희대학교",
            "team": "T04MCQMEXQ9",
            "name": "jungnerd",
            "is_restricted": false,
            "is_ultra_restricted": false
        },
        "reactions": [
            {
                "name": "pray",
                "users": [
                    "U04M091M3MZ",
                    "U04M2NY6U2Y",
                    "U04MQ1B2BGQ",
                    "U04M09VRR3L",
                    "U04M05UHX7U",
                    "U055LN30A1G",
                    "U055ZB3MEL9"
                ],
                "count": 7
            }
        ]
    },
    {
        "client_msg_id": "72ff0c09-9133-4e1f-8dc8-3a19c1c7f9ff",
        "type": "message",
        "text": "안녕하세요, 김택민입니다. LLM 관련한 최적화에 관심이 있어서 가입했습니다. 메타 광고 인프라 팀에서 ML 인프라 최적화하는 일을 했었고 틱톡에서도 비슷한 일을 하고 있습니다. 잘 부탁드립니다!",
        "user": "U054LG237BP",
        "ts": "1682382557.670429",
        "blocks": [
            {
                "type": "rich_text",
                "block_id": "11p\/",
                "elements": [
                    {
                        "type": "rich_text_section",
                        "elements": [
                            {
                                "type": "text",
                                "text": "안녕하세요, 김택민입니다. LLM 관련한 최적화에 관심이 있어서 가입했습니다. 메타 광고 인프라 팀에서 ML 인프라 최적화하는 일을 했었고 틱톡에서도 비슷한 일을 하고 있습니다. 잘 부탁드립니다!"
                            }
                        ]
                    }
                ]
            }
        ],
        "team": "T04MCQMEXQ9",
        "user_team": "T04MCQMEXQ9",
        "source_team": "T04MCQMEXQ9",
        "user_profile": {
            "avatar_hash": "d640f80a3e07",
            "image_72": "https:\/\/avatars.slack-edge.com\/2023-04-24\/5152880936406_d640f80a3e07fe663a34_72.jpg",
            "first_name": "Taekmin",
            "real_name": "Taekmin Kim",
            "display_name": "김택민\/틱톡",
            "team": "T04MCQMEXQ9",
            "name": "tantara.tm",
            "is_restricted": false,
            "is_ultra_restricted": false
        },
        "thread_ts": "1682382557.670429",
        "reply_count": 1,
        "reply_users_count": 1,
        "latest_reply": "1682384808.838589",
        "reply_users": [
            "U04M05UHX7U"
        ],
        "replies": [
            {
                "user": "U04M05UHX7U",
                "ts": "1682384808.838589"
            }
        ],
        "is_locked": false,
        "subscribed": true,
        "last_read": "1682384808.838589",
        "reactions": [
            {
                "name": "raised_hands",
                "users": [
                    "U04LTPY7LES",
                    "U04MQ1B2BGQ",
                    "U04M05UHX7U",
                    "U04M06CM95H",
                    "U04MD0GTCG1",
                    "U04LYGJ3945",
                    "U04LXKFJLFP",
                    "U052NUKLVH9",
                    "U04M091M3MZ",
                    "U053Y9VHNG3",
                    "U04MMGPP1A5",
                    "U055ZB3MEL9"
                ],
                "count": 12
            }
        ]
    },
    {
        "client_msg_id": "f27a29a5-c32b-496c-9280-29d0bbd1eba2",
        "type": "message",
        "text": "오 실제적인 이슈를 잘 아실것 같습니다. 선진 회사(?)의 경험을 많이 알려주세요!",
        "user": "U04M05UHX7U",
        "ts": "1682384808.838589",
        "blocks": [
            {
                "type": "rich_text",
                "block_id": "uFSDy",
                "elements": [
                    {
                        "type": "rich_text_section",
                        "elements": [
                            {
                                "type": "text",
                                "text": "오 실제적인 이슈를 잘 아실것 같습니다. 선진 회사(?)의 경험을 많이 알려주세요!"
                            }
                        ]
                    }
                ]
            }
        ],
        "team": "T04MCQMEXQ9",
        "user_team": "T04MCQMEXQ9",
        "source_team": "T04MCQMEXQ9",
        "user_profile": {
            "avatar_hash": "8160001f5214",
            "image_72": "https:\/\/avatars.slack-edge.com\/2023-01-29\/4699744492023_8160001f52148d13414d_72.jpg",
            "first_name": "권세중\/네이버클라우드",
            "real_name": "권세중\/네이버클라우드",
            "display_name": "권세중\/네이버클라우드",
            "team": "T04MCQMEXQ9",
            "name": "sejung.kwon",
            "is_restricted": false,
            "is_ultra_restricted": false
        },
        "thread_ts": "1682382557.670429",
        "parent_user_id": "U054LG237BP",
        "reactions": [
            {
                "name": "+1",
                "users": [
                    "U054LG237BP"
                ],
                "count": 1
            }
        ]
    }
]