[
    {
        "client_msg_id": "A12522E0-2345-4124-AE0F-398A6EDF8A17",
        "type": "message",
        "text": "안녕하세요, 경량화 고수님들 활동\/대화속에서 어깨너머로라도 배우고 싶어서 가입했습니다. on-device 프로덕션에 관심 많아서 다양한 주제로 재밌게 톡 하면 너무 재밌을거 같습니다 :) (asynchronous라도 참여하고싶은자의 발버둥..)",
        "user": "U0548DDUFU6",
        "ts": "1682109701.940599",
        "blocks": [
            {
                "type": "rich_text",
                "block_id": "93qhx",
                "elements": [
                    {
                        "type": "rich_text_section",
                        "elements": [
                            {
                                "type": "text",
                                "text": "안녕하세요, 경량화 고수님들 활동\/대화속에서 어깨너머로라도 배우고 싶어서 가입했습니다. on-device 프로덕션에 관심 많아서 다양한 주제"
                            },
                            {
                                "type": "text",
                                "text": "로"
                            },
                            {
                                "type": "text",
                                "text": " "
                            },
                            {
                                "type": "text",
                                "text": "재밌게"
                            },
                            {
                                "type": "text",
                                "text": " "
                            },
                            {
                                "type": "text",
                                "text": "톡"
                            },
                            {
                                "type": "text",
                                "text": " "
                            },
                            {
                                "type": "text",
                                "text": "하면"
                            },
                            {
                                "type": "text",
                                "text": " "
                            },
                            {
                                "type": "text",
                                "text": "너무"
                            },
                            {
                                "type": "text",
                                "text": " "
                            },
                            {
                                "type": "text",
                                "text": "재밌을거"
                            },
                            {
                                "type": "text",
                                "text": " "
                            },
                            {
                                "type": "text",
                                "text": "같습니다"
                            },
                            {
                                "type": "text",
                                "text": " :) (asynchronous"
                            },
                            {
                                "type": "text",
                                "text": "라도"
                            },
                            {
                                "type": "text",
                                "text": " 참여하고싶은자의 발버둥..)"
                            }
                        ]
                    }
                ]
            }
        ],
        "team": "T04MCQMEXQ9",
        "user_team": "T04MCQMEXQ9",
        "source_team": "T04MCQMEXQ9",
        "user_profile": {
            "avatar_hash": "5fa533c083df",
            "image_72": "https:\/\/avatars.slack-edge.com\/2023-04-21\/5174752257488_5fa533c083dfc52f05d0_72.png",
            "first_name": "안광훈\/Meta",
            "real_name": "안광훈\/Meta AI Speech",
            "display_name": "",
            "team": "T04MCQMEXQ9",
            "name": "kwang3618",
            "is_restricted": false,
            "is_ultra_restricted": false
        },
        "reactions": [
            {
                "name": "+1",
                "users": [
                    "U04M05UHX7U",
                    "U04MQ1B2BGQ",
                    "U04LXKFJLFP",
                    "U04M0CV8DHR",
                    "U04MQ2J38JC",
                    "U04M091M3MZ",
                    "U052NUKLVH9",
                    "U055ZB3MEL9"
                ],
                "count": 8
            }
        ]
    }
]