[
    {
        "client_msg_id": "A4CD4CC0-3670-47FE-836B-B536871CE509",
        "type": "message",
        "text": "안녕하세요? 잘 부탁드립니다.",
        "user": "U053HE028DD",
        "ts": "1681916741.015959",
        "blocks": [
            {
                "type": "rich_text",
                "block_id": "BjC",
                "elements": [
                    {
                        "type": "rich_text_section",
                        "elements": [
                            {
                                "type": "text",
                                "text": "안녕하세요? 잘 부탁드립니"
                            },
                            {
                                "type": "text",
                                "text": "다"
                            },
                            {
                                "type": "text",
                                "text": "."
                            }
                        ]
                    }
                ]
            }
        ],
        "team": "T04MCQMEXQ9",
        "user_team": "T04MCQMEXQ9",
        "source_team": "T04MCQMEXQ9",
        "user_profile": {
            "avatar_hash": "18a896fb2852",
            "image_72": "https:\/\/avatars.slack-edge.com\/2023-04-19\/5157706812480_18a896fb2852c200bcc4_72.jpg",
            "first_name": "장대명",
            "real_name": "장대명",
            "display_name": "장대명\/카카오브레인",
            "team": "T04MCQMEXQ9",
            "name": "dm86.jang",
            "is_restricted": false,
            "is_ultra_restricted": false
        },
        "edited": {
            "user": "U053HE028DD",
            "ts": "1681916751.000000"
        },
        "reactions": [
            {
                "name": "+1",
                "users": [
                    "U04M0CV8DHR",
                    "U04MQ2J38JC",
                    "U04M05UHX7U",
                    "U04LTMVAQ4W",
                    "U04M2NY6U2Y",
                    "U05406WV5S7",
                    "U04MQ1B2BGQ",
                    "U055ZB3MEL9"
                ],
                "count": 8
            }
        ]
    }
]