[
    {
        "type": "message",
        "subtype": "channel_join",
        "ts": "1674964505.473969",
        "user": "U04M05UHX7U",
        "text": "<@U04M05UHX7U> 님이 채널에 참여함"
    },
    {
        "type": "message",
        "subtype": "channel_join",
        "ts": "1674965369.804579",
        "user": "U04M059CL67",
        "text": "<@U04M059CL67> 님이 채널에 참여함"
    },
    {
        "type": "message",
        "subtype": "channel_join",
        "ts": "1674966634.469879",
        "user": "U04M2NY6U2Y",
        "text": "<@U04M2NY6U2Y> 님이 채널에 참여함"
    },
    {
        "type": "message",
        "subtype": "channel_join",
        "ts": "1674968153.946409",
        "user": "U04LTMFBF2A",
        "text": "<@U04LTMFBF2A> 님이 채널에 참여함"
    },
    {
        "type": "message",
        "subtype": "channel_join",
        "ts": "1674968202.454839",
        "user": "U04LKPBTEVD",
        "text": "<@U04LKPBTEVD> 님이 채널에 참여함"
    },
    {
        "type": "message",
        "subtype": "channel_join",
        "ts": "1674968206.226999",
        "user": "U04LKPBUQ23",
        "text": "<@U04LKPBUQ23> 님이 채널에 참여함"
    },
    {
        "type": "message",
        "subtype": "channel_join",
        "ts": "1674968207.580459",
        "user": "U04LXBEEHMK",
        "text": "<@U04LXBEEHMK> 님이 채널에 참여함"
    },
    {
        "type": "message",
        "subtype": "channel_join",
        "ts": "1674968248.246239",
        "user": "U04LTMGEMLN",
        "text": "<@U04LTMGEMLN> 님이 채널에 참여함"
    },
    {
        "type": "message",
        "subtype": "channel_join",
        "ts": "1674968354.183359",
        "user": "U04LXBG8GAZ",
        "text": "<@U04LXBG8GAZ> 님이 채널에 참여함"
    },
    {
        "type": "message",
        "subtype": "channel_join",
        "ts": "1674968393.964129",
        "user": "U04MQ0RCNGY",
        "text": "<@U04MQ0RCNGY> 님이 채널에 참여함"
    },
    {
        "type": "message",
        "subtype": "channel_join",
        "ts": "1674968405.107269",
        "user": "U04M06CDVC3",
        "text": "<@U04M06CDVC3> 님이 채널에 참여함"
    },
    {
        "type": "message",
        "subtype": "channel_join",
        "ts": "1674968411.860829",
        "user": "U04M06CM95H",
        "text": "<@U04M06CM95H> 님이 채널에 참여함"
    },
    {
        "type": "message",
        "subtype": "channel_join",
        "ts": "1674968533.058659",
        "user": "U04M09VRR3L",
        "text": "<@U04M09VRR3L> 님이 채널에 참여함"
    },
    {
        "type": "message",
        "subtype": "channel_join",
        "ts": "1674968924.305889",
        "user": "U04MCUU74TT",
        "text": "<@U04MCUU74TT> 님이 채널에 참여함"
    },
    {
        "type": "message",
        "subtype": "channel_join",
        "ts": "1674969148.459849",
        "user": "U04LTMVAQ4W",
        "text": "<@U04LTMVAQ4W> 님이 채널에 참여함"
    },
    {
        "type": "message",
        "subtype": "channel_join",
        "ts": "1674969222.495879",
        "user": "U04M2PXD15J",
        "text": "<@U04M2PXD15J> 님이 채널에 참여함"
    },
    {
        "type": "message",
        "subtype": "channel_join",
        "ts": "1674969224.969949",
        "user": "U04MCUY6M33",
        "text": "<@U04MCUY6M33> 님이 채널에 참여함"
    },
    {
        "type": "message",
        "subtype": "channel_join",
        "ts": "1674969304.643729",
        "user": "U04LTMXAU3Y",
        "text": "<@U04LTMXAU3Y> 님이 채널에 참여함"
    },
    {
        "type": "message",
        "subtype": "channel_join",
        "ts": "1674969807.843809",
        "user": "U04MQ1B2BGQ",
        "text": "<@U04MQ1B2BGQ> 님이 채널에 참여함"
    },
    {
        "type": "message",
        "subtype": "channel_join",
        "ts": "1674970234.736069",
        "user": "U04M0AJF3U2",
        "text": "<@U04M0AJF3U2> 님이 채널에 참여함"
    }
]