[
    {
        "client_msg_id": "bbbca34f-265d-4247-9cca-214a34ae84be",
        "type": "message",
        "text": "비슷한 연구가 비슷한 시기에 애플에서 또 나온 게 있는 것 같습니다. <https:\/\/arxiv.org\/abs\/2303.14189|FastVit: A Fast Hybrid ViT using Structural Reparameterization> 위 MobileOne과  비슷하거나 살짝 더 좋은 것 같습니다 :slightly_smiling_face:",
        "user": "U04MQ2J38JC",
        "ts": "1680537820.674119",
        "blocks": [
            {
                "type": "rich_text",
                "block_id": "NSl",
                "elements": [
                    {
                        "type": "rich_text_section",
                        "elements": [
                            {
                                "type": "text",
                                "text": "비슷한 연구가 비슷한 시기에 애플에서 또 나온 게 있는 것 같습니다. "
                            },
                            {
                                "type": "link",
                                "url": "https:\/\/arxiv.org\/abs\/2303.14189",
                                "text": "FastVit: A Fast Hybrid ViT using Structural Reparameterization"
                            },
                            {
                                "type": "text",
                                "text": " 위 MobileOne과  비슷하거나 살짝 더 좋은 것 같습니다 "
                            },
                            {
                                "type": "emoji",
                                "name": "slightly_smiling_face",
                                "unicode": "1f642"
                            }
                        ]
                    }
                ]
            }
        ],
        "team": "T04MCQMEXQ9",
        "user_team": "T04MCQMEXQ9",
        "source_team": "T04MCQMEXQ9",
        "user_profile": {
            "avatar_hash": "3e494054f705",
            "image_72": "https:\/\/avatars.slack-edge.com\/2023-01-28\/4714393981186_3e494054f7050068883f_72.png",
            "first_name": "심규홍\/퀄컴",
            "real_name": "심규홍\/퀄컴",
            "display_name": "",
            "team": "T04MCQMEXQ9",
            "name": "khshim20",
            "is_restricted": false,
            "is_ultra_restricted": false
        },
        "thread_ts": "1680366463.807509",
        "parent_user_id": "U04MQ2J38JC",
        "reactions": [
            {
                "name": "pray",
                "users": [
                    "U04M091M3MZ",
                    "U04LKU43D7Z",
                    "U053Y9VHNG3"
                ],
                "count": 3
            }
        ]
    }
]