[
    {
        "client_msg_id": "6c54decc-5235-4079-a3b7-d9b85cf609a9",
        "type": "message",
        "text": "예전에 첫번째 논문 보면서 latency profiling이 인상깊었는데, 뉴립스 2022 억셉됐었네요. 이런류의 연구를 항상 해보고싶었는데 논문 소개 감사합니다.",
        "user": "U04LL3W56F9",
        "ts": "1679909843.224329",
        "blocks": [
            {
                "type": "rich_text",
                "block_id": "Ioj",
                "elements": [
                    {
                        "type": "rich_text_section",
                        "elements": [
                            {
                                "type": "text",
                                "text": "예전에 첫번째 논문 보면서 latency profiling이 인상깊었는데, 뉴립스 2022 억셉됐었네요. 이런류의 연구를 항상 해보고싶었는데 논문 소개 감사합니다."
                            }
                        ]
                    }
                ]
            }
        ],
        "team": "T04MCQMEXQ9",
        "user_team": "T04MCQMEXQ9",
        "source_team": "T04MCQMEXQ9",
        "user_profile": {
            "avatar_hash": "da9e9b936e49",
            "image_72": "https:\/\/avatars.slack-edge.com\/2023-01-29\/4727308105281_da9e9b936e4974fcbfe1_72.png",
            "first_name": "이광한",
            "real_name": "이광한",
            "display_name": "이광한\/성균관대",
            "team": "T04MCQMEXQ9",
            "name": "ican0016",
            "is_restricted": false,
            "is_ultra_restricted": false
        },
        "edited": {
            "user": "U04LL3W56F9",
            "ts": "1679909855.000000"
        },
        "thread_ts": "1679842581.845259",
        "parent_user_id": "U04MQ2J38JC",
        "reactions": [
            {
                "name": "+1",
                "users": [
                    "U04MQ2J38JC"
                ],
                "count": 1
            }
        ]
    },
    {
        "client_msg_id": "45F736CB-90BA-4A1B-AFA5-D0FBA08B43EA",
        "type": "message",
        "text": "다들 댓글 감사합니다! 저도 세중님께서 말씀주신 '이걸 어떻게 해야 수익을 내는가'에 대해서 완전 공감합니다. 논문 저자들이 스냅챗 사람들인걸 보면 일단 확실한 응용분야가 있을때에는(+때에만) 동기가 생길 것 같긴 합니다...",
        "user": "U04MQ2J38JC",
        "ts": "1679912449.136549",
        "blocks": [
            {
                "type": "rich_text",
                "block_id": "tov3",
                "elements": [
                    {
                        "type": "rich_text_section",
                        "elements": [
                            {
                                "type": "text",
                                "text": "다들 댓글 감사합니다! 저도 세중님께서 말씀주신 '이걸 어떻게 해야 수익을 내는가'에 대해서 완전 공감합니다. 논문 저자들이 스냅챗 사람들인걸 보면 일단 확실한 응용분야가 있을때에는(+때에만) 동기가 생길 것 같긴 합니다..."
                            }
                        ]
                    }
                ]
            }
        ],
        "team": "T04MCQMEXQ9",
        "user_team": "T04MCQMEXQ9",
        "source_team": "T04MCQMEXQ9",
        "user_profile": {
            "avatar_hash": "3e494054f705",
            "image_72": "https:\/\/avatars.slack-edge.com\/2023-01-28\/4714393981186_3e494054f7050068883f_72.png",
            "first_name": "심규홍\/퀄컴",
            "real_name": "심규홍\/퀄컴",
            "display_name": "",
            "team": "T04MCQMEXQ9",
            "name": "khshim20",
            "is_restricted": false,
            "is_ultra_restricted": false
        },
        "thread_ts": "1679842581.845259",
        "parent_user_id": "U04MQ2J38JC",
        "reactions": [
            {
                "name": "+1",
                "users": [
                    "U04M05UHX7U",
                    "U04LL3W56F9",
                    "U04LXKFJLFP",
                    "U04M091M3MZ"
                ],
                "count": 4
            }
        ]
    }
]