[
    {
        "client_msg_id": "5418fb62-acec-4af9-b37d-aa42b194725e",
        "type": "message",
        "text": "저자들 Repo.가보니 FT로 잰 결과가 있더라구요. 2.5x 빨라졌다는 얘기는 있는데, 정확한 baseline 비교가 잘 안되서 어렵네요 ㅎㅎ..",
        "user": "U04M05UHX7U",
        "ts": "1677287401.436479",
        "blocks": [
            {
                "type": "rich_text",
                "block_id": "vLt",
                "elements": [
                    {
                        "type": "rich_text_section",
                        "elements": [
                            {
                                "type": "text",
                                "text": "저자들 Repo.가보니 FT로 잰 결과가 있더라구요. 2.5x 빨라졌다는 얘기는 있는데, 정확한 baseline 비교가 잘 안되서 어렵네요 ㅎㅎ.."
                            }
                        ]
                    }
                ]
            }
        ],
        "team": "T04MCQMEXQ9",
        "user_team": "T04MCQMEXQ9",
        "source_team": "T04MCQMEXQ9",
        "user_profile": {
            "avatar_hash": "8160001f5214",
            "image_72": "https:\/\/avatars.slack-edge.com\/2023-01-29\/4699744492023_8160001f52148d13414d_72.jpg",
            "first_name": "권세중\/네이버클라우드",
            "real_name": "권세중\/네이버클라우드",
            "display_name": "권세중\/네이버클라우드",
            "team": "T04MCQMEXQ9",
            "name": "sejung.kwon",
            "is_restricted": false,
            "is_ultra_restricted": false
        },
        "thread_ts": "1675336960.897349",
        "parent_user_id": "U04M2NY6U2Y"
    },
    {
        "client_msg_id": "9b5cf0f3-9c1d-4e1b-a8fb-edc1c7da720f",
        "type": "message",
        "text": "<https:\/\/scontent-ssn1-1.xx.fbcdn.net\/v\/t39.8562-6\/333078981_693988129081760_4712707815225756708_n.pdf?_nc_cat=108&amp;ccb=1-7&amp;_nc_sid=ad8a9d&amp;_nc_ohc=0JlbsRuMCfYAX81ixne&amp;_nc_ht=scontent-ssn1-1.xx&amp;oh=00_AfCh1BFv7q5xLmb0ro6Kdoy_XL2x0oImuhfTeQscBP3ddA&amp;oe=63FDD562|https:\/\/scontent-ssn1-1.xx.fbcdn.net\/v\/t39.8562-6\/333078981_693988129081760_471270781522575[…]1BFv7q5xLmb0ro6Kdoy_XL2x0oImuhfTeQscBP3ddA&amp;oe=63FDD562>\n\n경량화 논문은 아니지만, Chinchilla와 비슷하게 제한적인 모델 사이즈에서 최대한의 효율을 뽑아낸 모델이 Meta에서 나왔습니다 (이것도 NLP 경량화일까요..? ㅎㅎ.. 압축이나 최적화는 아니다 정도.. ㅎㅎ) . LLM 팔로우업하시는 분들은 관심있게 보실만합니다.",
        "user": "U04M05UHX7U",
        "ts": "1677287484.326839",
        "blocks": [
            {
                "type": "rich_text",
                "block_id": "+0y3",
                "elements": [
                    {
                        "type": "rich_text_section",
                        "elements": [
                            {
                                "type": "link",
                                "url": "https:\/\/scontent-ssn1-1.xx.fbcdn.net\/v\/t39.8562-6\/333078981_693988129081760_4712707815225756708_n.pdf?_nc_cat=108&ccb=1-7&_nc_sid=ad8a9d&_nc_ohc=0JlbsRuMCfYAX81ixne&_nc_ht=scontent-ssn1-1.xx&oh=00_AfCh1BFv7q5xLmb0ro6Kdoy_XL2x0oImuhfTeQscBP3ddA&oe=63FDD562",
                                "text": "https:\/\/scontent-ssn1-1.xx.fbcdn.net\/v\/t39.8562-6\/333078981_693988129081760_471270781522575[…]1BFv7q5xLmb0ro6Kdoy_XL2x0oImuhfTeQscBP3ddA&oe=63FDD562"
                            },
                            {
                                "type": "text",
                                "text": "\n\n경량화 논문은 아니지만, Chinchilla와 비슷하게 제한적인 모델 사이즈에서 최대한의 효율을 뽑아낸 모델이 Meta에서 나왔습니다 (이것도 NLP 경량화일까요..? ㅎㅎ.. 압축이나 최적화는 아니다 정도.. ㅎㅎ) . LLM 팔로우업하시는 분들은 관심있게 보실만합니다."
                            }
                        ]
                    }
                ]
            }
        ],
        "team": "T04MCQMEXQ9",
        "user_team": "T04MCQMEXQ9",
        "source_team": "T04MCQMEXQ9",
        "user_profile": {
            "avatar_hash": "8160001f5214",
            "image_72": "https:\/\/avatars.slack-edge.com\/2023-01-29\/4699744492023_8160001f52148d13414d_72.jpg",
            "first_name": "권세중\/네이버클라우드",
            "real_name": "권세중\/네이버클라우드",
            "display_name": "권세중\/네이버클라우드",
            "team": "T04MCQMEXQ9",
            "name": "sejung.kwon",
            "is_restricted": false,
            "is_ultra_restricted": false
        },
        "reactions": [
            {
                "name": "+1",
                "users": [
                    "U04M091M3MZ",
                    "U04LTPY7LES",
                    "U04MQ2J38JC",
                    "U04MQ1B2BGQ",
                    "U04LXKFJLFP",
                    "U04LYGJ3945",
                    "U04M2NY6U2Y",
                    "U04LKU43D7Z",
                    "U04LTT6NJ8N",
                    "U04LV2JHHB8",
                    "U04QJNZDDFB",
                    "U04LTMVAQ4W",
                    "U04MCA1D8G5",
                    "U04MQHDJ12L"
                ],
                "count": 14
            }
        ]
    }
]