[
    {
        "client_msg_id": "bd7c39d3-5c6d-4843-a6f5-3848751cebe0",
        "type": "message",
        "text": "<@U04M05UHX7U> 많이 배웠습니다. 자세한 답변 정말 감사드립니다!:man-bowing:",
        "user": "U04LL3W56F9",
        "ts": "1675662059.345069",
        "blocks": [
            {
                "type": "rich_text",
                "block_id": "lBjb7",
                "elements": [
                    {
                        "type": "rich_text_section",
                        "elements": [
                            {
                                "type": "user",
                                "user_id": "U04M05UHX7U"
                            },
                            {
                                "type": "text",
                                "text": " 많이 배웠습니다. 자세한 답변 정말 감사드립니다!"
                            },
                            {
                                "type": "emoji",
                                "name": "man-bowing",
                                "unicode": "1f647-200d-2642-fe0f"
                            }
                        ]
                    }
                ]
            }
        ],
        "team": "T04MCQMEXQ9",
        "user_team": "T04MCQMEXQ9",
        "source_team": "T04MCQMEXQ9",
        "user_profile": {
            "avatar_hash": "da9e9b936e49",
            "image_72": "https:\/\/avatars.slack-edge.com\/2023-01-29\/4727308105281_da9e9b936e4974fcbfe1_72.png",
            "first_name": "이광한",
            "real_name": "이광한",
            "display_name": "이광한\/성균관대",
            "team": "T04MCQMEXQ9",
            "name": "ican0016",
            "is_restricted": false,
            "is_ultra_restricted": false
        },
        "thread_ts": "1675336960.897349",
        "parent_user_id": "U04M2NY6U2Y",
        "reactions": [
            {
                "name": "+1",
                "users": [
                    "U04M05UHX7U"
                ],
                "count": 1
            },
            {
                "name": "raised_hands",
                "users": [
                    "U04MDLFJS82"
                ],
                "count": 1
            }
        ]
    }
]