[
    {
        "client_msg_id": "76809a79-7c3e-4655-9861-afe27656b431",
        "type": "message",
        "text": "혹시 이 슬랙방 홍보해도 괜찮을까요?",
        "user": "U04M06CDVC3",
        "ts": "1674984939.284999",
        "blocks": [
            {
                "type": "rich_text",
                "block_id": "WbJ",
                "elements": [
                    {
                        "type": "rich_text_section",
                        "elements": [
                            {
                                "type": "text",
                                "text": "혹시 이 슬랙방 홍보해도 괜찮을까요?"
                            }
                        ]
                    }
                ]
            }
        ],
        "team": "T04MCQMEXQ9",
        "user_team": "T04MCQMEXQ9",
        "source_team": "T04MCQMEXQ9",
        "user_profile": {
            "avatar_hash": "g3d3276dd306",
            "image_72": "https:\/\/secure.gravatar.com\/avatar\/3d3276dd306c2e96d40ca965cb9c71e6.jpg?s=72&d=https%3A%2F%2Fa.slack-edge.com%2Fdf10d%2Fimg%2Favatars%2Fava_0018-72.png",
            "first_name": "이준형",
            "real_name": "이준형",
            "display_name": "",
            "team": "T04MCQMEXQ9",
            "name": "veritas9872",
            "is_restricted": false,
            "is_ultra_restricted": false
        },
        "thread_ts": "1674984939.284999",
        "reply_count": 1,
        "reply_users_count": 1,
        "latest_reply": "1674995920.478329",
        "reply_users": [
            "U04M05UHX7U"
        ],
        "replies": [
            {
                "user": "U04M05UHX7U",
                "ts": "1674995920.478329"
            }
        ],
        "is_locked": false,
        "subscribed": true,
        "last_read": "1674995920.478329",
        "reactions": [
            {
                "name": "white_check_mark",
                "users": [
                    "U04MQ1B2BGQ"
                ],
                "count": 1
            }
        ]
    },
    {
        "client_msg_id": "24f68150-35b3-4a82-ad49-2d90dfd14592",
        "type": "message",
        "text": "물론입니다. 경량화에 관심이 있으신 모든 분들을 모으는게 목표입니다.",
        "user": "U04M05UHX7U",
        "ts": "1674995920.478329",
        "blocks": [
            {
                "type": "rich_text",
                "block_id": "KMTYH",
                "elements": [
                    {
                        "type": "rich_text_section",
                        "elements": [
                            {
                                "type": "text",
                                "text": "물론입니다. 경량화에 관심이 있으신 모든 분들을 모으는게 목표입니다."
                            }
                        ]
                    }
                ]
            }
        ],
        "team": "T04MCQMEXQ9",
        "user_team": "T04MCQMEXQ9",
        "source_team": "T04MCQMEXQ9",
        "user_profile": {
            "avatar_hash": "8160001f5214",
            "image_72": "https:\/\/avatars.slack-edge.com\/2023-01-29\/4699744492023_8160001f52148d13414d_72.jpg",
            "first_name": "권세중\/네이버클라우드",
            "real_name": "권세중\/네이버클라우드",
            "display_name": "권세중\/네이버클라우드",
            "team": "T04MCQMEXQ9",
            "name": "sejung.kwon",
            "is_restricted": false,
            "is_ultra_restricted": false
        },
        "thread_ts": "1674984939.284999",
        "parent_user_id": "U04M06CDVC3",
        "reactions": [
            {
                "name": "+1",
                "users": [
                    "U04M06CDVC3",
                    "U04MQ1B2BGQ"
                ],
                "count": 2
            }
        ]
    },
    {
        "client_msg_id": "dd7d47a2-bc3f-4849-8aba-f0370158cacf",
        "type": "message",
        "text": "반갑습니다. 일반인들도 쉽게 접근하고 전문적인 지식이 없이도 자기가 원하는 분야에 AI를 사용해서 원하는 결과를 얻을 수 있는 손쉬운 서비스가 있을까요?  일반인들이 원하는 AI 서비스가 어떤것이 있을까요?",
        "user": "U04M1R5SD8A",
        "ts": "1675055231.086769",
        "blocks": [
            {
                "type": "rich_text",
                "block_id": "R0pBW",
                "elements": [
                    {
                        "type": "rich_text_section",
                        "elements": [
                            {
                                "type": "text",
                                "text": "반갑습니다. 일반인들도 쉽게 접근하고 전문적인 지식이 없이도 자기가 원하는 분야에 AI를 사용해서 원하는 결과를 얻을 수 있는 손쉬운 서비스가 있을까요?  일반인들이 원하는 AI 서비스가 어떤것이 있을까요?"
                            }
                        ]
                    }
                ]
            }
        ],
        "team": "T04MCQMEXQ9",
        "user_team": "T04MCQMEXQ9",
        "source_team": "T04MCQMEXQ9",
        "user_profile": {
            "avatar_hash": "d107f9f50898",
            "image_72": "https:\/\/avatars.slack-edge.com\/2023-01-29\/4715855968466_d107f9f50898dc876377_72.png",
            "first_name": "MIKE",
            "real_name": "MIKE DAN",
            "display_name": "MIKE DAN",
            "team": "T04MCQMEXQ9",
            "name": "dan1989mike",
            "is_restricted": false,
            "is_ultra_restricted": false
        },
        "thread_ts": "1675055231.086769",
        "reply_count": 2,
        "reply_users_count": 1,
        "latest_reply": "1675056512.770559",
        "reply_users": [
            "U04M05UHX7U"
        ],
        "replies": [
            {
                "user": "U04M05UHX7U",
                "ts": "1675056370.328069"
            },
            {
                "user": "U04M05UHX7U",
                "ts": "1675056512.770559"
            }
        ],
        "is_locked": false,
        "subscribed": true,
        "last_read": "1675056512.770559"
    },
    {
        "client_msg_id": "792138c0-8236-4dc4-aa3e-e3c55bcff140",
        "type": "message",
        "text": "너무 포괄적인 질문이신데요.. 다른 분들 생각도 들어보면 좋을것 같고.. 일단 커뮤니티 운영은 실명\/소속을 밝히는것을 전제로 하고 있습니다. 수정 부탁드리겠습니ㅣ다.",
        "user": "U04M05UHX7U",
        "ts": "1675056370.328069",
        "blocks": [
            {
                "type": "rich_text",
                "block_id": "pF8vs",
                "elements": [
                    {
                        "type": "rich_text_section",
                        "elements": [
                            {
                                "type": "text",
                                "text": "너무 포괄적인 질문이신데요.. 다른 분들 생각도 들어보면 좋을것 같고.. 일단 커뮤니티 운영은 실명\/소속을 밝히는것을 전제로 하고 있습니다. 수정 부탁드리겠습니ㅣ다."
                            }
                        ]
                    }
                ]
            }
        ],
        "team": "T04MCQMEXQ9",
        "user_team": "T04MCQMEXQ9",
        "source_team": "T04MCQMEXQ9",
        "user_profile": {
            "avatar_hash": "8160001f5214",
            "image_72": "https:\/\/avatars.slack-edge.com\/2023-01-29\/4699744492023_8160001f52148d13414d_72.jpg",
            "first_name": "권세중\/네이버클라우드",
            "real_name": "권세중\/네이버클라우드",
            "display_name": "권세중\/네이버클라우드",
            "team": "T04MCQMEXQ9",
            "name": "sejung.kwon",
            "is_restricted": false,
            "is_ultra_restricted": false
        },
        "thread_ts": "1675055231.086769",
        "parent_user_id": "U04M1R5SD8A"
    },
    {
        "client_msg_id": "2e5e1a4f-dbe5-4a9a-80b6-96d452f5af96",
        "type": "message",
        "text": "자기가 원하는 분야에 접근해서 손쉽게 쓸수 있는 AI 서비스는 너무 먼 얘기인것 같구요. 어떤 분야에 손쉽게 쓸수 있는 AI서비스가 있는지 부터 생각해볼 필요가 있을것 같네요. 예를 들어, 문법교정이라던가, coding이라던가, 아주 단순한 이미지 classification이라던가 분야별로 그런 사례들은 점차 늘어나고 있고, 최근 LLM의 등장으로 가속화되고 있는것 같습니다.",
        "user": "U04M05UHX7U",
        "ts": "1675056512.770559",
        "blocks": [
            {
                "type": "rich_text",
                "block_id": "93\/e",
                "elements": [
                    {
                        "type": "rich_text_section",
                        "elements": [
                            {
                                "type": "text",
                                "text": "자기가 원하는 분야에 접근해서 손쉽게 쓸수 있는 AI 서비스는 너무 먼 얘기인것 같구요. 어떤 분야에 손쉽게 쓸수 있는 AI서비스가 있는지 부터 생각해볼 필요가 있을것 같네요. 예를 들어, 문법교정이라던가, coding이라던가, 아주 단순한 이미지 classification이라던가 분야별로 그런 사례들은 점차 늘어나고 있고, 최근 LLM의 등장으로 가속화되고 있는것 같습니다."
                            }
                        ]
                    }
                ]
            }
        ],
        "team": "T04MCQMEXQ9",
        "user_team": "T04MCQMEXQ9",
        "source_team": "T04MCQMEXQ9",
        "user_profile": {
            "avatar_hash": "8160001f5214",
            "image_72": "https:\/\/avatars.slack-edge.com\/2023-01-29\/4699744492023_8160001f52148d13414d_72.jpg",
            "first_name": "권세중\/네이버클라우드",
            "real_name": "권세중\/네이버클라우드",
            "display_name": "권세중\/네이버클라우드",
            "team": "T04MCQMEXQ9",
            "name": "sejung.kwon",
            "is_restricted": false,
            "is_ultra_restricted": false
        },
        "thread_ts": "1675055231.086769",
        "parent_user_id": "U04M1R5SD8A"
    }
]