[
    {
        "type": "message",
        "text": "가트너에서 모델 압축 기술 및 필드가 한 3~4년 정도 이후에 임팩트가 있을 것 같다고 그렸네요\n<https:\/\/www.gartner.com\/en\/articles\/4-emerging-technologies-you-need-to-know-about?utm_medium=social&amp;utm_source=linkedin&amp;utm_campaign=SM_GB_YOY_GTR_SOC_SF1_SM-SWG&amp;utm_content=&amp;sf263823822=1|https:\/\/www.gartner.com\/en\/articles\/4-emerging-technologies-you-need-to-know-about?u[…]paign=SM_GB_YOY_GTR_SOC_SF1_SM-SWG&amp;utm_content=&amp;sf263823822=1>",
        "files": [
            {
                "id": "F04NRJH24KB",
                "created": 1675755239,
                "timestamp": 1675755239,
                "name": "image.png",
                "title": "image.png",
                "mimetype": "image\/png",
                "filetype": "png",
                "pretty_type": "PNG",
                "user": "U04M091M3MZ",
                "user_team": "T04MCQMEXQ9",
                "editable": false,
                "size": 240421,
                "mode": "hosted",
                "is_external": false,
                "external_type": "",
                "is_public": true,
                "public_url_shared": false,
                "display_as_bot": false,
                "username": "",
                "url_private": "https:\/\/files.slack.com\/files-pri\/T04MCQMEXQ9-F04NRJH24KB\/image.png?t=xoxe-4726837507825-4848681849303-4856614048758-e0b1f3d4cb371f92260edb0d9444d206",
                "url_private_download": "https:\/\/files.slack.com\/files-pri\/T04MCQMEXQ9-F04NRJH24KB\/download\/image.png?t=xoxe-4726837507825-4848681849303-4856614048758-e0b1f3d4cb371f92260edb0d9444d206",
                "media_display_type": "unknown",
                "thumb_64": "https:\/\/files.slack.com\/files-tmb\/T04MCQMEXQ9-F04NRJH24KB-b2d3edcb6e\/image_64.png?t=xoxe-4726837507825-4848681849303-4856614048758-e0b1f3d4cb371f92260edb0d9444d206",
                "thumb_80": "https:\/\/files.slack.com\/files-tmb\/T04MCQMEXQ9-F04NRJH24KB-b2d3edcb6e\/image_80.png?t=xoxe-4726837507825-4848681849303-4856614048758-e0b1f3d4cb371f92260edb0d9444d206",
                "thumb_360": "https:\/\/files.slack.com\/files-tmb\/T04MCQMEXQ9-F04NRJH24KB-b2d3edcb6e\/image_360.png?t=xoxe-4726837507825-4848681849303-4856614048758-e0b1f3d4cb371f92260edb0d9444d206",
                "thumb_360_w": 348,
                "thumb_360_h": 360,
                "thumb_480": "https:\/\/files.slack.com\/files-tmb\/T04MCQMEXQ9-F04NRJH24KB-b2d3edcb6e\/image_480.png?t=xoxe-4726837507825-4848681849303-4856614048758-e0b1f3d4cb371f92260edb0d9444d206",
                "thumb_480_w": 465,
                "thumb_480_h": 480,
                "thumb_160": "https:\/\/files.slack.com\/files-tmb\/T04MCQMEXQ9-F04NRJH24KB-b2d3edcb6e\/image_160.png?t=xoxe-4726837507825-4848681849303-4856614048758-e0b1f3d4cb371f92260edb0d9444d206",
                "thumb_720": "https:\/\/files.slack.com\/files-tmb\/T04MCQMEXQ9-F04NRJH24KB-b2d3edcb6e\/image_720.png?t=xoxe-4726837507825-4848681849303-4856614048758-e0b1f3d4cb371f92260edb0d9444d206",
                "thumb_720_w": 697,
                "thumb_720_h": 720,
                "thumb_800": "https:\/\/files.slack.com\/files-tmb\/T04MCQMEXQ9-F04NRJH24KB-b2d3edcb6e\/image_800.png?t=xoxe-4726837507825-4848681849303-4856614048758-e0b1f3d4cb371f92260edb0d9444d206",
                "thumb_800_w": 800,
                "thumb_800_h": 827,
                "thumb_960": "https:\/\/files.slack.com\/files-tmb\/T04MCQMEXQ9-F04NRJH24KB-b2d3edcb6e\/image_960.png?t=xoxe-4726837507825-4848681849303-4856614048758-e0b1f3d4cb371f92260edb0d9444d206",
                "thumb_960_w": 929,
                "thumb_960_h": 960,
                "thumb_1024": "https:\/\/files.slack.com\/files-tmb\/T04MCQMEXQ9-F04NRJH24KB-b2d3edcb6e\/image_1024.png?t=xoxe-4726837507825-4848681849303-4856614048758-e0b1f3d4cb371f92260edb0d9444d206",
                "thumb_1024_w": 991,
                "thumb_1024_h": 1024,
                "original_w": 1500,
                "original_h": 1550,
                "thumb_tiny": "AwAwAC683mb\/AJc4+gpAZfQ\/kP8AGpHbaPeoizHufyoAXM3ofyH+NOUSEZLAexWmEMOhIpyO2Ru70AOCuDy4I\/3afTW6jFL2oAjk+8KazeWm7aCT0p03VTz+FNZQ6bScdwTSe2g1a+pEkrNIA2MHg09gVP8ALFJHDtYOxz6AU5uTgg896Ub9RytfQlJ5HrjNPoHAFFUSIy7hiojG4PByKkKgnOB+VKBgYGKAItrH+GnLHg81JRQAUUxmcN8qZHrmlUsc7l2\/jmgD\/9k=",
                "permalink": "https:\/\/effai.slack.com\/files\/U04M091M3MZ\/F04NRJH24KB\/image.png",
                "permalink_public": "https:\/\/slack-files.com\/T04MCQMEXQ9-F04NRJH24KB-032ce35ab2",
                "is_starred": false,
                "has_rich_preview": false,
                "file_access": "visible"
            }
        ],
        "upload": false,
        "user": "U04M091M3MZ",
        "display_as_bot": false,
        "ts": "1675755315.091169",
        "blocks": [
            {
                "type": "rich_text",
                "block_id": "Nkg\/h",
                "elements": [
                    {
                        "type": "rich_text_section",
                        "elements": [
                            {
                                "type": "text",
                                "text": "가트너에서 모델 압축 기술 및 필드가 한 3~4년 정도 이후에 임팩트가 있을 것 같다고 그렸네요\n"
                            },
                            {
                                "type": "link",
                                "url": "https:\/\/www.gartner.com\/en\/articles\/4-emerging-technologies-you-need-to-know-about?utm_medium=social&utm_source=linkedin&utm_campaign=SM_GB_YOY_GTR_SOC_SF1_SM-SWG&utm_content=&sf263823822=1",
                                "text": "https:\/\/www.gartner.com\/en\/articles\/4-emerging-technologies-you-need-to-know-about?u[…]paign=SM_GB_YOY_GTR_SOC_SF1_SM-SWG&utm_content=&sf263823822=1"
                            }
                        ]
                    }
                ]
            }
        ],
        "client_msg_id": "2001af5b-ecae-4187-ab4e-601f6e083ff7",
        "thread_ts": "1675755315.091169",
        "reply_count": 2,
        "reply_users_count": 2,
        "latest_reply": "1675854039.792499",
        "reply_users": [
            "U04M05UHX7U",
            "U04MD4D7CBT"
        ],
        "replies": [
            {
                "user": "U04M05UHX7U",
                "ts": "1675756137.372059"
            },
            {
                "user": "U04MD4D7CBT",
                "ts": "1675854039.792499"
            }
        ],
        "is_locked": false,
        "subscribed": true,
        "last_read": "1675854039.792499",
        "attachments": [
            {
                "from_url": "https:\/\/www.gartner.com\/en\/articles\/4-emerging-technologies-you-need-to-know-about?utm_medium=social&utm_source=linkedin&utm_campaign=SM_GB_YOY_GTR_SOC_SF1_SM-SWG&utm_content=&sf263823822=1",
                "thumb_url": "https:\/\/emtemp.gcom.cloud\/ngw\/globalassets\/en\/articles\/images\/2023-gartner-emerging-technologies-and-trends-impact-radar.png",
                "thumb_width": 1500,
                "thumb_height": 1550,
                "service_icon": "https:\/\/emtemp.gcom.cloud\/ngw\/commonassets\/images\/icons\/Gartner_favicon@2x.png",
                "id": 1,
                "original_url": "https:\/\/www.gartner.com\/en\/articles\/4-emerging-technologies-you-need-to-know-about?utm_medium=social&amp;utm_source=linkedin&amp;utm_campaign=SM_GB_YOY_GTR_SOC_SF1_SM-SWG&amp;utm_content=&amp;sf263823822=1",
                "fallback": "Gartner: 4 Emerging Technologies You Need to Know About",
                "text": "Just In: The 2023 Gartner Emerging Technologies and Trends Impact Radar :dart: According to Gartner experts, these :four: key themes will prove critical for product leaders to evaluate as part of their competitive strategy: :arrow_right: Smart world :arrow_right: Productivity revolution :arrow_right: Transparency and privacy :arrow_right: New critical technology enablers Learn more :point_down: #GartnerHT #EmergingTechnology #TechnologyTrends",
                "title": "4 Emerging Technologies You Need to Know About",
                "title_link": "https:\/\/www.gartner.com\/en\/articles\/4-emerging-technologies-you-need-to-know-about?utm_medium=social&utm_source=linkedin&utm_campaign=SM_GB_YOY_GTR_SOC_SF1_SM-SWG&utm_content=&sf263823822=1",
                "service_name": "Gartner"
            }
        ],
        "reactions": [
            {
                "name": "+1",
                "users": [
                    "U04LTPY7LES",
                    "U04LYGJ3945",
                    "U04M05UHX7U",
                    "U04MQ2J38JC",
                    "U04M1LKNQUB",
                    "U04LTT6NJ8N",
                    "U04M09VRR3L",
                    "U04M0CJUUCT",
                    "U04LV2JHHB8",
                    "U04MD4D7CBT",
                    "U04LXKFJLFP",
                    "U04LL5UHC5D"
                ],
                "count": 12
            },
            {
                "name": "grinning",
                "users": [
                    "U04LXBEEHMK",
                    "U04M2NY6U2Y",
                    "U04M09VRR3L",
                    "U04LXKFJLFP"
                ],
                "count": 4
            }
        ]
    },
    {
        "client_msg_id": "71ac3496-6f6b-49d2-862c-e4b528f8a13f",
        "type": "message",
        "text": "아직도 3-4년 남았다니.. ㅋㅋㅋ",
        "user": "U04M05UHX7U",
        "ts": "1675756137.372059",
        "blocks": [
            {
                "type": "rich_text",
                "block_id": "0XP",
                "elements": [
                    {
                        "type": "rich_text_section",
                        "elements": [
                            {
                                "type": "text",
                                "text": "아직도 3-4년 남았다니.. ㅋㅋㅋ"
                            }
                        ]
                    }
                ]
            }
        ],
        "team": "T04MCQMEXQ9",
        "user_team": "T04MCQMEXQ9",
        "source_team": "T04MCQMEXQ9",
        "user_profile": {
            "avatar_hash": "8160001f5214",
            "image_72": "https:\/\/avatars.slack-edge.com\/2023-01-29\/4699744492023_8160001f52148d13414d_72.jpg",
            "first_name": "권세중\/네이버클라우드",
            "real_name": "권세중\/네이버클라우드",
            "display_name": "권세중\/네이버클라우드",
            "team": "T04MCQMEXQ9",
            "name": "sejung.kwon",
            "is_restricted": false,
            "is_ultra_restricted": false
        },
        "thread_ts": "1675755315.091169",
        "parent_user_id": "U04M091M3MZ"
    }
]