[
    {
        "type": "message",
        "subtype": "channel_join",
        "ts": "1674957958.559609",
        "user": "U04M05UHX7U",
        "text": "<@U04M05UHX7U> 님이 채널에 참여함"
    },
    {
        "client_msg_id": "40ddee94-97e3-4270-b7a0-08ec0a6ba0dd",
        "type": "message",
        "text": ":wave: 여러분, 안녕하세요!",
        "user": "U04M05UHX7U",
        "ts": "1674964635.185969",
        "blocks": [
            {
                "type": "rich_text",
                "block_id": "oWPHu",
                "elements": [
                    {
                        "type": "rich_text_section",
                        "elements": [
                            {
                                "type": "emoji",
                                "name": "wave",
                                "unicode": "1f44b"
                            },
                            {
                                "type": "text",
                                "text": " 여러분, 안녕하세요!"
                            }
                        ]
                    }
                ]
            }
        ],
        "team": "T04MCQMEXQ9",
        "user_team": "T04MCQMEXQ9",
        "source_team": "T04MCQMEXQ9",
        "user_profile": {
            "avatar_hash": "8160001f5214",
            "image_72": "https:\/\/avatars.slack-edge.com\/2023-01-29\/4699744492023_8160001f52148d13414d_72.jpg",
            "first_name": "권세중\/네이버클라우드",
            "real_name": "권세중\/네이버클라우드",
            "display_name": "권세중\/네이버클라우드",
            "team": "T04MCQMEXQ9",
            "name": "sejung.kwon",
            "is_restricted": false,
            "is_ultra_restricted": false
        }
    },
    {
        "type": "message",
        "subtype": "channel_join",
        "ts": "1674965369.373689",
        "user": "U04M059CL67",
        "text": "<@U04M059CL67> 님이 채널에 참여함"
    },
    {
        "type": "message",
        "subtype": "channel_join",
        "ts": "1674966634.039839",
        "user": "U04M2NY6U2Y",
        "text": "<@U04M2NY6U2Y> 님이 채널에 참여함"
    },
    {
        "type": "message",
        "subtype": "channel_join",
        "ts": "1674968153.473999",
        "user": "U04LTMFBF2A",
        "text": "<@U04LTMFBF2A> 님이 채널에 참여함"
    },
    {
        "type": "message",
        "subtype": "channel_join",
        "ts": "1674968201.881249",
        "user": "U04LKPBTEVD",
        "text": "<@U04LKPBTEVD> 님이 채널에 참여함"
    },
    {
        "type": "message",
        "subtype": "channel_join",
        "ts": "1674968205.738669",
        "user": "U04LKPBUQ23",
        "text": "<@U04LKPBUQ23> 님이 채널에 참여함"
    },
    {
        "type": "message",
        "subtype": "channel_join",
        "ts": "1674968207.106799",
        "user": "U04LXBEEHMK",
        "text": "<@U04LXBEEHMK> 님이 채널에 참여함"
    },
    {
        "type": "message",
        "subtype": "channel_join",
        "ts": "1674968247.722629",
        "user": "U04LTMGEMLN",
        "text": "<@U04LTMGEMLN> 님이 채널에 참여함"
    },
    {
        "client_msg_id": "6e90efd1-61ae-47c2-abfd-654fe1496564",
        "type": "message",
        "text": "깔끔한 슬랙 커뮤니티를 위해 많은 조언 부탁드리겠습니다!",
        "user": "U04M05UHX7U",
        "ts": "1674968281.403789",
        "blocks": [
            {
                "type": "rich_text",
                "block_id": "McUMn",
                "elements": [
                    {
                        "type": "rich_text_section",
                        "elements": [
                            {
                                "type": "text",
                                "text": "깔끔한 슬랙 커뮤니티를 위해 많은 조언 부탁드리겠습니다!"
                            }
                        ]
                    }
                ]
            }
        ],
        "team": "T04MCQMEXQ9",
        "user_team": "T04MCQMEXQ9",
        "source_team": "T04MCQMEXQ9",
        "user_profile": {
            "avatar_hash": "8160001f5214",
            "image_72": "https:\/\/avatars.slack-edge.com\/2023-01-29\/4699744492023_8160001f52148d13414d_72.jpg",
            "first_name": "권세중\/네이버클라우드",
            "real_name": "권세중\/네이버클라우드",
            "display_name": "권세중\/네이버클라우드",
            "team": "T04MCQMEXQ9",
            "name": "sejung.kwon",
            "is_restricted": false,
            "is_ultra_restricted": false
        },
        "reactions": [
            {
                "name": "+1",
                "users": [
                    "U04M05UHX7U",
                    "U04LXBEEHMK",
                    "U04LKPBUQ23",
                    "U04MQ1B2BGQ",
                    "U04MD0HNM4Z"
                ],
                "count": 5
            }
        ]
    },
    {
        "type": "message",
        "subtype": "channel_join",
        "ts": "1674968353.640039",
        "user": "U04LXBG8GAZ",
        "text": "<@U04LXBG8GAZ> 님이 채널에 참여함"
    },
    {
        "type": "message",
        "subtype": "channel_join",
        "ts": "1674968393.396739",
        "user": "U04MQ0RCNGY",
        "text": "<@U04MQ0RCNGY> 님이 채널에 참여함"
    },
    {
        "type": "message",
        "subtype": "channel_join",
        "ts": "1674968404.411939",
        "user": "U04M06CDVC3",
        "text": "<@U04M06CDVC3> 님이 채널에 참여함"
    },
    {
        "type": "message",
        "subtype": "channel_join",
        "ts": "1674968411.359879",
        "user": "U04M06CM95H",
        "text": "<@U04M06CM95H> 님이 채널에 참여함"
    },
    {
        "type": "message",
        "subtype": "channel_join",
        "ts": "1674968532.581939",
        "user": "U04M09VRR3L",
        "text": "<@U04M09VRR3L> 님이 채널에 참여함"
    },
    {
        "type": "message",
        "subtype": "channel_join",
        "ts": "1674968923.853879",
        "user": "U04MCUU74TT",
        "text": "<@U04MCUU74TT> 님이 채널에 참여함"
    },
    {
        "type": "message",
        "subtype": "channel_join",
        "ts": "1674969147.934329",
        "user": "U04LTMVAQ4W",
        "text": "<@U04LTMVAQ4W> 님이 채널에 참여함"
    },
    {
        "type": "message",
        "subtype": "channel_join",
        "ts": "1674969222.070659",
        "user": "U04M2PXD15J",
        "text": "<@U04M2PXD15J> 님이 채널에 참여함"
    },
    {
        "type": "message",
        "subtype": "channel_join",
        "ts": "1674969224.515169",
        "user": "U04MCUY6M33",
        "text": "<@U04MCUY6M33> 님이 채널에 참여함"
    },
    {
        "type": "message",
        "subtype": "channel_join",
        "ts": "1674969304.154479",
        "user": "U04LTMXAU3Y",
        "text": "<@U04LTMXAU3Y> 님이 채널에 참여함"
    },
    {
        "type": "message",
        "subtype": "channel_join",
        "ts": "1674969807.382049",
        "user": "U04MQ1B2BGQ",
        "text": "<@U04MQ1B2BGQ> 님이 채널에 참여함"
    },
    {
        "client_msg_id": "bdc59eca-835b-4c2c-9e68-09984c4ba5c0",
        "type": "message",
        "text": "<https:\/\/github.com\/sjquan\/2022-Study\/blob\/main\/README.md>\n\n혹시 저희 스터디를 모르는 분들께 스터디 페이지를 공유해드립니다. 영상은 거의 공유가 안되어 있으나, 어떤 논문이 다뤄졌는지 보실수 있습니다.",
        "user": "U04M05UHX7U",
        "ts": "1674970061.762299",
        "blocks": [
            {
                "type": "rich_text",
                "block_id": "ai8",
                "elements": [
                    {
                        "type": "rich_text_section",
                        "elements": [
                            {
                                "type": "link",
                                "url": "https:\/\/github.com\/sjquan\/2022-Study\/blob\/main\/README.md"
                            },
                            {
                                "type": "text",
                                "text": "\n\n혹시 저희 스터디를 모르는 분들께 스터디 페이지를 공유해드립니다. 영상은 거의 공유가 안되어 있으나, 어떤 논문이 다뤄졌는지 보실수 있습니다."
                            }
                        ]
                    }
                ]
            }
        ],
        "team": "T04MCQMEXQ9",
        "user_team": "T04MCQMEXQ9",
        "source_team": "T04MCQMEXQ9",
        "user_profile": {
            "avatar_hash": "8160001f5214",
            "image_72": "https:\/\/avatars.slack-edge.com\/2023-01-29\/4699744492023_8160001f52148d13414d_72.jpg",
            "first_name": "권세중\/네이버클라우드",
            "real_name": "권세중\/네이버클라우드",
            "display_name": "권세중\/네이버클라우드",
            "team": "T04MCQMEXQ9",
            "name": "sejung.kwon",
            "is_restricted": false,
            "is_ultra_restricted": false
        },
        "attachments": [
            {
                "from_url": "https:\/\/github.com\/sjquan\/2022-Study\/blob\/main\/README.md",
                "image_url": "https:\/\/opengraph.githubassets.com\/75d61b9d3e7abafb1ae579211654454572e4162eaa2aa450e60335dfd4de9fe9\/sjquan\/2022-Study",
                "image_width": 500,
                "image_height": 250,
                "image_bytes": 78981,
                "service_icon": "https:\/\/a.slack-edge.com\/80588\/img\/unfurl_icons\/github.png",
                "id": 1,
                "original_url": "https:\/\/github.com\/sjquan\/2022-Study\/blob\/main\/README.md",
                "fallback": "GitHub: 2022-Study\/README.md at main · sjquan\/2022-Study",
                "text": "Contribute to sjquan\/2022-Study development by creating an account on GitHub.",
                "title": "2022-Study\/README.md at main · sjquan\/2022-Study",
                "title_link": "https:\/\/github.com\/sjquan\/2022-Study\/blob\/main\/README.md",
                "service_name": "GitHub"
            }
        ],
        "reactions": [
            {
                "name": "white_check_mark",
                "users": [
                    "U04MQ1B2BGQ",
                    "U04M06CDVC3",
                    "U04M2NY6U2Y",
                    "U04LTNE8FHU",
                    "U04LTMXAU3Y",
                    "U04MQ2J38JC",
                    "U04M091M3MZ",
                    "U04LL5UHC5D",
                    "U04M0B0PWMQ",
                    "U04LY25D7C5",
                    "U04M2SA3MK6",
                    "U04MR94VA68"
                ],
                "count": 12
            },
            {
                "name": "man-bowing",
                "users": [
                    "U04LTNE8FHU",
                    "U04LL5UHC5D",
                    "U04LY25D7C5",
                    "U04MR94VA68"
                ],
                "count": 4
            }
        ]
    },
    {
        "type": "message",
        "subtype": "channel_join",
        "ts": "1674970234.234529",
        "user": "U04M0AJF3U2",
        "text": "<@U04M0AJF3U2> 님이 채널에 참여함"
    },
    {
        "client_msg_id": "aa610efd-7901-4186-b025-e70a221be2b8",
        "type": "message",
        "text": "경량화 주제를.. task별로 나눠야할까요? 아니면 알고리즘이나 접근방법별로 나눠야할까요.. 애매하군요.",
        "user": "U04M05UHX7U",
        "ts": "1674975195.336889",
        "blocks": [
            {
                "type": "rich_text",
                "block_id": "F1YbN",
                "elements": [
                    {
                        "type": "rich_text_section",
                        "elements": [
                            {
                                "type": "text",
                                "text": "경량화 주제를.. task별로 나눠야할까요? 아니면 알고리즘이나 접근방법별로 나눠야할까요.. 애매하군요."
                            }
                        ]
                    }
                ]
            }
        ],
        "team": "T04MCQMEXQ9",
        "user_team": "T04MCQMEXQ9",
        "source_team": "T04MCQMEXQ9",
        "user_profile": {
            "avatar_hash": "8160001f5214",
            "image_72": "https:\/\/avatars.slack-edge.com\/2023-01-29\/4699744492023_8160001f52148d13414d_72.jpg",
            "first_name": "권세중\/네이버클라우드",
            "real_name": "권세중\/네이버클라우드",
            "display_name": "권세중\/네이버클라우드",
            "team": "T04MCQMEXQ9",
            "name": "sejung.kwon",
            "is_restricted": false,
            "is_ultra_restricted": false
        },
        "thread_ts": "1674975195.336889",
        "reply_count": 2,
        "reply_users_count": 2,
        "latest_reply": "1674976928.899309",
        "reply_users": [
            "U04LKPBUQ23",
            "U04M06CM95H"
        ],
        "replies": [
            {
                "user": "U04LKPBUQ23",
                "ts": "1674976611.030969"
            },
            {
                "user": "U04M06CM95H",
                "ts": "1674976928.899309"
            }
        ],
        "is_locked": false,
        "subscribed": true,
        "last_read": "1674976928.899309",
        "reactions": [
            {
                "name": "eyes",
                "users": [
                    "U04MQ1B2BGQ",
                    "U04LKPBUQ23",
                    "U04M06CDVC3",
                    "U04LTPY7LES"
                ],
                "count": 4
            }
        ]
    },
    {
        "client_msg_id": "F151A4E2-3333-451E-8EFE-C2BB802490A6",
        "type": "message",
        "text": "처음에는 분류하지 않고 모아놨다가 추후 활성화되서 정리할 필요가 느껴지면 분류해도 좋을 것 같습니다 :) ",
        "user": "U04LKPBUQ23",
        "ts": "1674976611.030969",
        "blocks": [
            {
                "type": "rich_text",
                "block_id": "jGa",
                "elements": [
                    {
                        "type": "rich_text_section",
                        "elements": [
                            {
                                "type": "text",
                                "text": "처음에는"
                            },
                            {
                                "type": "text",
                                "text": " "
                            },
                            {
                                "type": "text",
                                "text": "분류하지"
                            },
                            {
                                "type": "text",
                                "text": " "
                            },
                            {
                                "type": "text",
                                "text": "않고"
                            },
                            {
                                "type": "text",
                                "text": " "
                            },
                            {
                                "type": "text",
                                "text": "모아놨다가"
                            },
                            {
                                "type": "text",
                                "text": " "
                            },
                            {
                                "type": "text",
                                "text": "추후"
                            },
                            {
                                "type": "text",
                                "text": " "
                            },
                            {
                                "type": "text",
                                "text": "활성화되서"
                            },
                            {
                                "type": "text",
                                "text": " "
                            },
                            {
                                "type": "text",
                                "text": "정리할"
                            },
                            {
                                "type": "text",
                                "text": " "
                            },
                            {
                                "type": "text",
                                "text": "필요가"
                            },
                            {
                                "type": "text",
                                "text": " "
                            },
                            {
                                "type": "text",
                                "text": "느껴지면"
                            },
                            {
                                "type": "text",
                                "text": " "
                            },
                            {
                                "type": "text",
                                "text": "분류해도"
                            },
                            {
                                "type": "text",
                                "text": " "
                            },
                            {
                                "type": "text",
                                "text": "좋을"
                            },
                            {
                                "type": "text",
                                "text": " "
                            },
                            {
                                "type": "text",
                                "text": "것"
                            },
                            {
                                "type": "text",
                                "text": " "
                            },
                            {
                                "type": "text",
                                "text": "같습니다"
                            },
                            {
                                "type": "text",
                                "text": " :) "
                            }
                        ]
                    }
                ]
            }
        ],
        "team": "T04MCQMEXQ9",
        "user_team": "T04MCQMEXQ9",
        "source_team": "T04MCQMEXQ9",
        "user_profile": {
            "avatar_hash": "c2698ce8fdc9",
            "image_72": "https:\/\/avatars.slack-edge.com\/2023-01-28\/4716799150660_c2698ce8fdc9f5e038ad_72.jpg",
            "first_name": "김정훈\/네이버",
            "real_name": "김정훈\/네이버 클라우드",
            "display_name": "",
            "team": "T04MCQMEXQ9",
            "name": "jeonghoon.samuel",
            "is_restricted": false,
            "is_ultra_restricted": false
        },
        "thread_ts": "1674975195.336889",
        "parent_user_id": "U04M05UHX7U",
        "reactions": [
            {
                "name": "+1",
                "users": [
                    "U04MQ1B2BGQ",
                    "U04M06CM95H",
                    "U04M0811ZPD",
                    "U04M2SA3MK6",
                    "U04M31F24CU"
                ],
                "count": 5
            }
        ]
    },
    {
        "client_msg_id": "a1ca4cec-adb8-4619-bafa-dd192001dc92",
        "type": "message",
        "text": "저도 동의합니다 :slightly_smiling_face: 지금 어떻게 나눠놔도 꼭 죽는 채널이 생길 것 같습니다~",
        "user": "U04M06CM95H",
        "ts": "1674976928.899309",
        "blocks": [
            {
                "type": "rich_text",
                "block_id": "AoZ",
                "elements": [
                    {
                        "type": "rich_text_section",
                        "elements": [
                            {
                                "type": "text",
                                "text": "저도 동의합니다 "
                            },
                            {
                                "type": "emoji",
                                "name": "slightly_smiling_face",
                                "unicode": "1f642"
                            },
                            {
                                "type": "text",
                                "text": " 지금 어떻게 나눠놔도 꼭 죽는 채널이 생길 것 같습니다~"
                            }
                        ]
                    }
                ]
            }
        ],
        "team": "T04MCQMEXQ9",
        "user_team": "T04MCQMEXQ9",
        "source_team": "T04MCQMEXQ9",
        "user_profile": {
            "avatar_hash": "605a6dc8fe19",
            "image_72": "https:\/\/avatars.slack-edge.com\/2023-01-29\/4699798344263_605a6dc8fe199045f0bc_72.jpg",
            "first_name": "김형준",
            "real_name": "김형준",
            "display_name": "김형준\/스퀴즈비츠",
            "team": "T04MCQMEXQ9",
            "name": "hyungjun.kim",
            "is_restricted": false,
            "is_ultra_restricted": false
        },
        "thread_ts": "1674975195.336889",
        "parent_user_id": "U04M05UHX7U",
        "reactions": [
            {
                "name": "+1",
                "users": [
                    "U04MQ1B2BGQ"
                ],
                "count": 1
            }
        ]
    }
]