[
    {
        "client_msg_id": "8063457e-3649-477a-84dc-07c71b6d9245",
        "type": "message",
        "text": "줄여주세요...",
        "user": "U04MD4D7CBT",
        "ts": "1675854039.792499",
        "blocks": [
            {
                "type": "rich_text",
                "block_id": "IYW",
                "elements": [
                    {
                        "type": "rich_text_section",
                        "elements": [
                            {
                                "type": "text",
                                "text": "줄여주세요..."
                            }
                        ]
                    }
                ]
            }
        ],
        "team": "T04MCQMEXQ9",
        "user_team": "T04MCQMEXQ9",
        "source_team": "T04MCQMEXQ9",
        "user_profile": {
            "avatar_hash": "g0dad5560368",
            "image_72": "https:\/\/secure.gravatar.com\/avatar\/0dad5560368f43bf2d7875cad34e47a9.jpg?s=72&d=https%3A%2F%2Fa.slack-edge.com%2Fdf10d%2Fimg%2Favatars%2Fava_0003-72.png",
            "first_name": "김진산\/리얼텍",
            "real_name": "김진산\/리얼텍",
            "display_name": "",
            "team": "T04MCQMEXQ9",
            "name": "jinsankim12",
            "is_restricted": false,
            "is_ultra_restricted": false
        },
        "thread_ts": "1675755315.091169",
        "parent_user_id": "U04M091M3MZ"
    }
]