[
    {
        "client_msg_id": "3B6B9E7C-7407-4716-9B7E-ACA3648513A8",
        "type": "message",
        "text": "혹시 LLM 압축 연구하시는 분들 참고하실만한 저희 팀 대장님의 글입니다.\n\n<https:\/\/www.facebook.com\/566182966\/posts\/pfbid08uteDvRD2YPhUSk34GibDgCirhtSQZUMM1ZJYDgEqRESeuf3wfdGqPyn2NtK3sd5l\/?mibextid=cr9u03|https:\/\/www.facebook.com\/566182966\/posts\/pfbid08uteDvRD2YPhUSk34GibDgCirhtSQZUMM1ZJYDgEqRESeuf3wfdGqPyn2NtK3sd5l\/?mibextid=cr9u03>",
        "user": "U04M05UHX7U",
        "ts": "1676125607.885619",
        "blocks": [
            {
                "type": "rich_text",
                "block_id": "Jdt",
                "elements": [
                    {
                        "type": "rich_text_section",
                        "elements": [
                            {
                                "type": "text",
                                "text": "혹시"
                            },
                            {
                                "type": "text",
                                "text": " LLM "
                            },
                            {
                                "type": "text",
                                "text": "압축"
                            },
                            {
                                "type": "text",
                                "text": " "
                            },
                            {
                                "type": "text",
                                "text": "연구하시는"
                            },
                            {
                                "type": "text",
                                "text": " "
                            },
                            {
                                "type": "text",
                                "text": "분들"
                            },
                            {
                                "type": "text",
                                "text": " "
                            },
                            {
                                "type": "text",
                                "text": "참고하실만한"
                            },
                            {
                                "type": "text",
                                "text": " "
                            },
                            {
                                "type": "text",
                                "text": "저희"
                            },
                            {
                                "type": "text",
                                "text": " "
                            },
                            {
                                "type": "text",
                                "text": "팀"
                            },
                            {
                                "type": "text",
                                "text": " "
                            },
                            {
                                "type": "text",
                                "text": "대장님의"
                            },
                            {
                                "type": "text",
                                "text": " "
                            },
                            {
                                "type": "text",
                                "text": "글입니다"
                            },
                            {
                                "type": "text",
                                "text": ".\n\n"
                            },
                            {
                                "type": "link",
                                "url": "https:\/\/www.facebook.com\/566182966\/posts\/pfbid08uteDvRD2YPhUSk34GibDgCirhtSQZUMM1ZJYDgEqRESeuf3wfdGqPyn2NtK3sd5l\/?mibextid=cr9u03",
                                "text": "https:\/\/www.facebook.com\/566182966\/posts\/pfbid08uteDvRD2YPhUSk34GibDgCirhtSQZUMM1ZJYDgEqRESeuf3wfdGqPyn2NtK3sd5l\/?mibextid=cr9u03"
                            }
                        ]
                    }
                ]
            }
        ],
        "team": "T04MCQMEXQ9",
        "user_team": "T04MCQMEXQ9",
        "source_team": "T04MCQMEXQ9",
        "user_profile": {
            "avatar_hash": "8160001f5214",
            "image_72": "https:\/\/avatars.slack-edge.com\/2023-01-29\/4699744492023_8160001f52148d13414d_72.jpg",
            "first_name": "권세중\/네이버클라우드",
            "real_name": "권세중\/네이버클라우드",
            "display_name": "권세중\/네이버클라우드",
            "team": "T04MCQMEXQ9",
            "name": "sejung.kwon",
            "is_restricted": false,
            "is_ultra_restricted": false
        },
        "attachments": [
            {
                "from_url": "https:\/\/www.facebook.com\/566182966\/posts\/pfbid08uteDvRD2YPhUSk34GibDgCirhtSQZUMM1ZJYDgEqRESeuf3wfdGqPyn2NtK3sd5l\/?mibextid=cr9u03",
                "service_icon": "https:\/\/static.xx.fbcdn.net\/rsrc.php\/yv\/r\/B8BxsscfVBr.ico",
                "id": 1,
                "original_url": "https:\/\/www.facebook.com\/566182966\/posts\/pfbid08uteDvRD2YPhUSk34GibDgCirhtSQZUMM1ZJYDgEqRESeuf3wfdGqPyn2NtK3sd5l\/?mibextid=cr9u03",
                "fallback": "Log in or sign up to view",
                "text": "See posts, photos and more on Facebook.",
                "title": "Log in or sign up to view",
                "title_link": "https:\/\/www.facebook.com\/566182966\/posts\/pfbid08uteDvRD2YPhUSk34GibDgCirhtSQZUMM1ZJYDgEqRESeuf3wfdGqPyn2NtK3sd5l\/?mibextid=cr9u03",
                "service_name": "facebook.com"
            }
        ],
        "reactions": [
            {
                "name": "+1",
                "users": [
                    "U04LTNE8FHU",
                    "U04NQP19QJ0",
                    "U04M2NY6U2Y",
                    "U04MQ1B2BGQ",
                    "U04M31F24CU",
                    "U04LTT6NJ8N",
                    "U04MD4D7CBT",
                    "U04M0CV8DHR",
                    "U04M091M3MZ",
                    "U04M1LKNQUB",
                    "U04LL5UHC5D"
                ],
                "count": 11
            }
        ]
    },
    {
        "client_msg_id": "9B6C6DA5-6F35-45A3-86A9-6A5418998583",
        "type": "message",
        "text": "AWS Inferentia에서 지원하는 neuron compile 쪽은 많이 다뤄보신 분 없을까요??\n\n<https:\/\/hyperconnect.github.io\/2022\/12\/13\/infra-cost-optimization-with-aws-inferentia.html|https:\/\/hyperconnect.github.io\/2022\/12\/13\/infra-cost-optimization-with-aws-inferentia.html>",
        "user": "U04MD0GTCG1",
        "ts": "1676169593.284099",
        "blocks": [
            {
                "type": "rich_text",
                "block_id": "FuzyP",
                "elements": [
                    {
                        "type": "rich_text_section",
                        "elements": [
                            {
                                "type": "text",
                                "text": "AWS Inferentia에서 지원하는 neuron compile 쪽은 많이 다뤄보신 분 없을까요??\n\n"
                            },
                            {
                                "type": "link",
                                "url": "https:\/\/hyperconnect.github.io\/2022\/12\/13\/infra-cost-optimization-with-aws-inferentia.html",
                                "text": "https:\/\/hyperconnect.github.io\/2022\/12\/13\/infra-cost-optimization-with-aws-inferentia.html"
                            }
                        ]
                    }
                ]
            }
        ],
        "team": "T04MCQMEXQ9",
        "user_team": "T04MCQMEXQ9",
        "source_team": "T04MCQMEXQ9",
        "user_profile": {
            "avatar_hash": "g7d4f668e638",
            "image_72": "https:\/\/secure.gravatar.com\/avatar\/7d4f668e638d38ee4af2c7266c8e41fd.jpg?s=72&d=https%3A%2F%2Fa.slack-edge.com%2Fdf10d%2Fimg%2Favatars%2Fava_0017-72.png",
            "first_name": "김동우\/리턴제로",
            "real_name": "김동우\/리턴제로",
            "display_name": "",
            "team": "T04MCQMEXQ9",
            "name": "kimdwkimdw",
            "is_restricted": false,
            "is_ultra_restricted": false
        },
        "attachments": [
            {
                "from_url": "https:\/\/hyperconnect.github.io\/2022\/12\/13\/infra-cost-optimization-with-aws-inferentia.html",
                "ts": 1670889600,
                "thumb_url": "https:\/\/hyperconnect.github.io\/assets\/favicon.jpg",
                "thumb_width": 256,
                "thumb_height": 256,
                "id": 1,
                "original_url": "https:\/\/hyperconnect.github.io\/2022\/12\/13\/infra-cost-optimization-with-aws-inferentia.html",
                "fallback": "Hyperconnect Tech Blog: 머신러닝 모델 서빙 비용 1\/4로 줄이기",
                "text": "머신러닝 모델 서빙 비용을 크게 아낄 수 있는 AWS Inferentia를 소개하고 이를 도입한 경험을 공유합니다.",
                "title": "머신러닝 모델 서빙 비용 1\/4로 줄이기",
                "title_link": "https:\/\/hyperconnect.github.io\/2022\/12\/13\/infra-cost-optimization-with-aws-inferentia.html",
                "service_name": "Hyperconnect Tech Blog"
            }
        ],
        "reactions": [
            {
                "name": "eyes",
                "users": [
                    "U04MQ1B2BGQ",
                    "U04M0CJUUCT",
                    "U04LTMVAQ4W",
                    "U04LYGJ3945",
                    "U04M091M3MZ",
                    "U04MD4D7CBT"
                ],
                "count": 6
            }
        ]
    }
]