[
    {
        "client_msg_id": "C6B88403-D29B-4236-85E7-7B1760CE8B20",
        "type": "message",
        "text": "안녕하세요\n다른 분들은 어떻게 memory profiling하시는지 궁금해서 질문 드립니다\n\n저는 보통 Resident Set Size의 peak memory를 트랙킹해서 실제 디바이스에서 프로파일링을 하는데요.\n그럼 생기는 문제들이 종종 있습니다\n1. arm버전에 따라서도 (7 vs 64) 결과값이 차이가 상이한 경우가 생김\n2. 모델이 어느 layer\/operator에서 peak을 발생하는지 찾기가 어려움. fine grained한 profiling 방법?\n혹시 다른분들은 더 정확한 프로파일링을 위한 본인만의 trick이 있으신가요? (이런거 여쭤봐도 될지 모르겠네요)",
        "user": "U0548DDUFU6",
        "ts": "1682147934.884759",
        "blocks": [
            {
                "type": "rich_text",
                "block_id": "Eoo\/",
                "elements": [
                    {
                        "type": "rich_text_section",
                        "elements": [
                            {
                                "type": "text",
                                "text": "안녕하세요\n다른 분들은 어떻게 memory profiling하시는지 궁금해서 질문 드립니다\n\n저는 보통 Resident Set Size의 peak memory를 트랙킹해서 실제 디바이스에서 프로파일링을 하는데요.\n그럼 생기는 문제들이 종종 있"
                            },
                            {
                                "type": "text",
                                "text": "습니다"
                            },
                            {
                                "type": "text",
                                "text": "\n"
                            }
                        ]
                    },
                    {
                        "type": "rich_text_list",
                        "elements": [
                            {
                                "type": "rich_text_section",
                                "elements": [
                                    {
                                        "type": "text",
                                        "text": "arm버전에 따라서도 (7 vs 64) 결과값이 차이가 상이한 경우가 생김"
                                    }
                                ]
                            },
                            {
                                "type": "rich_text_section",
                                "elements": [
                                    {
                                        "type": "text",
                                        "text": "모델이 어느 layer\/operator에서 peak을 발생하는지 찾기가 어려움. fine grained한 profiling 방법?"
                                    }
                                ]
                            }
                        ],
                        "style": "ordered",
                        "indent": 0,
                        "offset": 0,
                        "border": 0
                    },
                    {
                        "type": "rich_text_section",
                        "elements": [
                            {
                                "type": "text",
                                "text": "\n혹시 다른분들은 더 정확한 프로파일링을 위한 본인만의 trick이 있으신가요? (이런거 여쭤봐도 될지 모르겠네요)"
                            }
                        ]
                    }
                ]
            }
        ],
        "team": "T04MCQMEXQ9",
        "user_team": "T04MCQMEXQ9",
        "source_team": "T04MCQMEXQ9",
        "user_profile": {
            "avatar_hash": "5fa533c083df",
            "image_72": "https:\/\/avatars.slack-edge.com\/2023-04-21\/5174752257488_5fa533c083dfc52f05d0_72.png",
            "first_name": "안광훈\/Meta",
            "real_name": "안광훈\/Meta AI Speech",
            "display_name": "",
            "team": "T04MCQMEXQ9",
            "name": "kwang3618",
            "is_restricted": false,
            "is_ultra_restricted": false
        },
        "edited": {
            "user": "U0548DDUFU6",
            "ts": "1682148384.000000"
        },
        "thread_ts": "1682147934.884759",
        "reply_count": 2,
        "reply_users_count": 2,
        "latest_reply": "1682336593.180419",
        "reply_users": [
            "U04MD0GTCG1",
            "U04M09VRR3L"
        ],
        "replies": [
            {
                "user": "U04MD0GTCG1",
                "ts": "1682327851.327819"
            },
            {
                "user": "U04M09VRR3L",
                "ts": "1682336593.180419"
            }
        ],
        "is_locked": false,
        "subscribed": false,
        "reactions": [
            {
                "name": "eyes",
                "users": [
                    "U04MQ1B2BGQ",
                    "U04M091M3MZ",
                    "U04LKU43D7Z",
                    "U04M2RTGHUL",
                    "U04M31F24CU",
                    "U04M09VRR3L"
                ],
                "count": 6
            }
        ]
    }
]