[
    {
        "client_msg_id": "12dd3eff-f3af-4652-8ec0-695b7cce5df7",
        "type": "message",
        "text": "• Structured Pruning Learns Compact and Accurate Models (ACL, 2022)\n이 논문이 BERT에 대한 structured pruning 논문 중에 sota들 중 하나라고 볼 수 있는데, 이 논문 자체도 괜찮지만, optimization 과정에서 인용되어 있는 2편의 논문이 미분 불가능한 L0 regularization을 stochastic gate를 도입해서 기댓값으로 풀어가는 과정이 좀 인상깊었습니다. 해당 논문들은 아래와 같습니다.\n• Learning sparse neural networks through l0 regularization (ICLR 2018)&lt;- 이 논문이 처음으로 L0 regularization 학습법 제안했고,\n• Structured pruning of large language models (EMNLP, 2020) &lt;- 이 논문에서 라그랑지안으로 formulation을 해서 sparsity를 좀 더 잘 조절할 수 있도록 했습니다.\n",
        "user": "U04LTMVAQ4W",
        "ts": "1679361359.341209",
        "blocks": [
            {
                "type": "rich_text",
                "block_id": "3OeO",
                "elements": [
                    {
                        "type": "rich_text_list",
                        "elements": [
                            {
                                "type": "rich_text_section",
                                "elements": [
                                    {
                                        "type": "text",
                                        "text": "Structured Pruning Learns Compact and Accurate Models (ACL, 2022)"
                                    }
                                ]
                            }
                        ],
                        "style": "bullet",
                        "indent": 0,
                        "border": 0
                    },
                    {
                        "type": "rich_text_section",
                        "elements": [
                            {
                                "type": "text",
                                "text": "이 논문이 BERT에 대한 structured pruning 논문 중에 sota들 중 하나라고 볼 수 있는데, 이 논문 자체도 괜찮지만, optimization 과정에서 인용되어 있는 2편의 논문이 미분 불가능한 L0 regularization을 stochastic gate를 도입해서 기댓값으로 풀어가는 과정이 좀 인상깊었습니다. 해당 논문들은 아래와 같습니다.\n"
                            }
                        ]
                    },
                    {
                        "type": "rich_text_list",
                        "elements": [
                            {
                                "type": "rich_text_section",
                                "elements": [
                                    {
                                        "type": "text",
                                        "text": "Learning sparse neural networks through l0 regularization (ICLR 2018)<- 이 논문이 처음으로 L0 regularization 학습법 제안했고,"
                                    }
                                ]
                            },
                            {
                                "type": "rich_text_section",
                                "elements": [
                                    {
                                        "type": "text",
                                        "text": "Structured pruning of large language models (EMNLP, 2020) <- 이 논문에서 라그랑지안으로 formulation을 해서 sparsity를 좀 더 잘 조절할 수 있도록 했습니다."
                                    }
                                ]
                            }
                        ],
                        "style": "bullet",
                        "indent": 0,
                        "border": 0
                    },
                    {
                        "type": "rich_text_section",
                        "elements": []
                    }
                ]
            }
        ],
        "team": "T04MCQMEXQ9",
        "user_team": "T04MCQMEXQ9",
        "source_team": "T04MCQMEXQ9",
        "user_profile": {
            "avatar_hash": "c1d1f60c6a55",
            "image_72": "https:\/\/avatars.slack-edge.com\/2023-01-28\/4699807363303_c1d1f60c6a55a1fc50a9_72.png",
            "first_name": "SEUNGCHEOL",
            "real_name": "SEUNGCHEOL Park",
            "display_name": "SEUNGCHEOL Park",
            "team": "T04MCQMEXQ9",
            "name": "seungcheolpark93",
            "is_restricted": false,
            "is_ultra_restricted": false
        },
        "thread_ts": "1679287693.091879",
        "parent_user_id": "U04M091M3MZ",
        "reactions": [
            {
                "name": "+1",
                "users": [
                    "U04M091M3MZ"
                ],
                "count": 1
            }
        ]
    },
    {
        "client_msg_id": "e18aab6a-4c1d-4b36-8c8a-5606f2a8aad4",
        "type": "message",
        "text": "• Block Pruning For Faster Transformers (EMNLP, 2021) 이 논문도 sota 중 하나라고 볼 수 있을 것 같은데, unstructured pruning 중 PLM pruning에 효과가 좋았던 movement pruning을 가속화할 수 있는 단위로 진행하여 속도 향상을 얻은 논문입니다.",
        "user": "U04LTMVAQ4W",
        "ts": "1679361494.860469",
        "blocks": [
            {
                "type": "rich_text",
                "block_id": "+F555",
                "elements": [
                    {
                        "type": "rich_text_list",
                        "elements": [
                            {
                                "type": "rich_text_section",
                                "elements": [
                                    {
                                        "type": "text",
                                        "text": "Block Pruning For Faster Transformers (EMNLP, 2021) 이 논문도 sota 중 하나라고 볼 수 있을 것 같은데, unstructured pruning 중 PLM pruning에 효과가 좋았던 movement pruning을 가속화할 수 있는 단위로 진행하여 속도 향상을 얻은 논문입니다."
                                    }
                                ]
                            }
                        ],
                        "style": "bullet",
                        "indent": 0,
                        "border": 0
                    }
                ]
            }
        ],
        "team": "T04MCQMEXQ9",
        "user_team": "T04MCQMEXQ9",
        "source_team": "T04MCQMEXQ9",
        "user_profile": {
            "avatar_hash": "c1d1f60c6a55",
            "image_72": "https:\/\/avatars.slack-edge.com\/2023-01-28\/4699807363303_c1d1f60c6a55a1fc50a9_72.png",
            "first_name": "SEUNGCHEOL",
            "real_name": "SEUNGCHEOL Park",
            "display_name": "SEUNGCHEOL Park",
            "team": "T04MCQMEXQ9",
            "name": "seungcheolpark93",
            "is_restricted": false,
            "is_ultra_restricted": false
        },
        "thread_ts": "1679287693.091879",
        "parent_user_id": "U04M091M3MZ",
        "reactions": [
            {
                "name": "+1",
                "users": [
                    "U04M091M3MZ"
                ],
                "count": 1
            }
        ]
    }
]