[
    {
        "client_msg_id": "08f2afa7-2176-4c72-9f86-40198b29e9f3",
        "type": "message",
        "text": "nvprof 로 덤프 떠서 분석하는게 일반적이지 않을까요?\n\n가능하다면 multi-node, multi-gpu는 disable하고 가능한 한 GPU로 바꾸고나면 디버깅이 쉬운 경우가 있습니다.\n\n그리고 사실 debugger로 잡고 하나하나 이동 시켜도 memory usage가 반영 잘 되는경우가 많고..\n\nasync한 환경에서 안된다면, 그건 원하는 async한 환경을 최대한 만든다음 profiler로 덤프를 뜨는 수밖에 없을 것 같네요...",
        "user": "U04MD0GTCG1",
        "ts": "1682327851.327819",
        "blocks": [
            {
                "type": "rich_text",
                "block_id": "kYv",
                "elements": [
                    {
                        "type": "rich_text_section",
                        "elements": [
                            {
                                "type": "text",
                                "text": "nvprof 로 덤프 떠서 분석하는게 일반적이지 않을까요?\n\n가능하다면 multi-node, multi-gpu는 disable하고 가능한 한 GPU로 바꾸고나면 디버깅이 쉬운 경우가 있습니다.\n\n그리고 사실 debugger로 잡고 하나하나 이동 시켜도 memory usage가 반영 잘 되는경우가 많고..\n\nasync한 환경에서 안된다면, 그건 원하는 async한 환경을 최대한 만든다음 profiler로 덤프를 뜨는 수밖에 없을 것 같네요..."
                            }
                        ]
                    }
                ]
            }
        ],
        "team": "T04MCQMEXQ9",
        "user_team": "T04MCQMEXQ9",
        "source_team": "T04MCQMEXQ9",
        "user_profile": {
            "avatar_hash": "g7d4f668e638",
            "image_72": "https:\/\/secure.gravatar.com\/avatar\/7d4f668e638d38ee4af2c7266c8e41fd.jpg?s=72&d=https%3A%2F%2Fa.slack-edge.com%2Fdf10d%2Fimg%2Favatars%2Fava_0017-72.png",
            "first_name": "김동우\/리턴제로",
            "real_name": "김동우\/리턴제로",
            "display_name": "",
            "team": "T04MCQMEXQ9",
            "name": "kimdwkimdw",
            "is_restricted": false,
            "is_ultra_restricted": false
        },
        "thread_ts": "1682147934.884759",
        "parent_user_id": "U0548DDUFU6"
    },
    {
        "client_msg_id": "77C4F56B-3945-4355-8CCD-CE979B19A08F",
        "type": "message",
        "text": "Arm이면 opencl runtime을 쓰고 계신지요? 만약 그렇다면 cl_mem을 tracking하는것은 어려운 상황일까요?",
        "user": "U04M09VRR3L",
        "ts": "1682336593.180419",
        "blocks": [
            {
                "type": "rich_text",
                "block_id": "FlcGV",
                "elements": [
                    {
                        "type": "rich_text_section",
                        "elements": [
                            {
                                "type": "text",
                                "text": "Arm"
                            },
                            {
                                "type": "text",
                                "text": "이면"
                            },
                            {
                                "type": "text",
                                "text": " opencl runtime"
                            },
                            {
                                "type": "text",
                                "text": "을"
                            },
                            {
                                "type": "text",
                                "text": " "
                            },
                            {
                                "type": "text",
                                "text": "쓰고"
                            },
                            {
                                "type": "text",
                                "text": " "
                            },
                            {
                                "type": "text",
                                "text": "계신지요"
                            },
                            {
                                "type": "text",
                                "text": "? "
                            },
                            {
                                "type": "text",
                                "text": "만약"
                            },
                            {
                                "type": "text",
                                "text": " "
                            },
                            {
                                "type": "text",
                                "text": "그렇다면"
                            },
                            {
                                "type": "text",
                                "text": " cl_mem"
                            },
                            {
                                "type": "text",
                                "text": "을"
                            },
                            {
                                "type": "text",
                                "text": " tracking"
                            },
                            {
                                "type": "text",
                                "text": "하는것은"
                            },
                            {
                                "type": "text",
                                "text": " "
                            },
                            {
                                "type": "text",
                                "text": "어려운"
                            },
                            {
                                "type": "text",
                                "text": " "
                            },
                            {
                                "type": "text",
                                "text": "상황일까요"
                            },
                            {
                                "type": "text",
                                "text": "?"
                            }
                        ]
                    }
                ]
            }
        ],
        "team": "T04MCQMEXQ9",
        "user_team": "T04MCQMEXQ9",
        "source_team": "T04MCQMEXQ9",
        "user_profile": {
            "avatar_hash": "effaf3dfd640",
            "image_72": "https:\/\/avatars.slack-edge.com\/2023-01-28\/4714335913394_effaf3dfd64003bda40c_72.png",
            "first_name": "김민재",
            "real_name": "김민재",
            "display_name": "김민재 \/ 서울대학교",
            "team": "T04MCQMEXQ9",
            "name": "widiba03304",
            "is_restricted": false,
            "is_ultra_restricted": false
        },
        "thread_ts": "1682147934.884759",
        "parent_user_id": "U0548DDUFU6"
    }
]