[
    {
        "client_msg_id": "FC30769D-A071-445A-9EEC-5CDEBAAF245A",
        "type": "message",
        "text": "오호 감사합니다! 읽어보도록 하겠습니다!",
        "user": "U04M091M3MZ",
        "ts": "1679391469.311369",
        "blocks": [
            {
                "type": "rich_text",
                "block_id": "59z=X",
                "elements": [
                    {
                        "type": "rich_text_section",
                        "elements": [
                            {
                                "type": "text",
                                "text": "오호"
                            },
                            {
                                "type": "text",
                                "text": " "
                            },
                            {
                                "type": "text",
                                "text": "감사합니다"
                            },
                            {
                                "type": "text",
                                "text": "! "
                            },
                            {
                                "type": "text",
                                "text": "읽어보도록"
                            },
                            {
                                "type": "text",
                                "text": " "
                            },
                            {
                                "type": "text",
                                "text": "하겠습니다"
                            },
                            {
                                "type": "text",
                                "text": "!"
                            }
                        ]
                    }
                ]
            }
        ],
        "team": "T04MCQMEXQ9",
        "user_team": "T04MCQMEXQ9",
        "source_team": "T04MCQMEXQ9",
        "user_profile": {
            "avatar_hash": "7db5f8f30815",
            "image_72": "https:\/\/avatars.slack-edge.com\/2023-01-28\/4707823773350_7db5f8f30815f749cb56_72.png",
            "first_name": "신종훈\/딥엑스",
            "real_name": "신종훈\/딥엑스",
            "display_name": "",
            "team": "T04MCQMEXQ9",
            "name": "jh.michael.shin",
            "is_restricted": false,
            "is_ultra_restricted": false
        },
        "thread_ts": "1679287693.091879",
        "parent_user_id": "U04M091M3MZ",
        "reactions": [
            {
                "name": "+1",
                "users": [
                    "U04LTMVAQ4W"
                ],
                "count": 1
            }
        ]
    }
]