[
    {
        "client_msg_id": "c22d61e5-964c-41d6-abd0-74b258be2be6",
        "type": "message",
        "text": "<https:\/\/github.com\/sanchit-gandhi\/whisper-jax>",
        "user": "U04MD0GTCG1",
        "ts": "1682324587.832599",
        "blocks": [
            {
                "type": "rich_text",
                "block_id": "0sI",
                "elements": [
                    {
                        "type": "rich_text_section",
                        "elements": [
                            {
                                "type": "link",
                                "url": "https:\/\/github.com\/sanchit-gandhi\/whisper-jax"
                            }
                        ]
                    }
                ]
            }
        ],
        "team": "T04MCQMEXQ9",
        "user_team": "T04MCQMEXQ9",
        "source_team": "T04MCQMEXQ9",
        "user_profile": {
            "avatar_hash": "g7d4f668e638",
            "image_72": "https:\/\/secure.gravatar.com\/avatar\/7d4f668e638d38ee4af2c7266c8e41fd.jpg?s=72&d=https%3A%2F%2Fa.slack-edge.com%2Fdf10d%2Fimg%2Favatars%2Fava_0017-72.png",
            "first_name": "김동우\/리턴제로",
            "real_name": "김동우\/리턴제로",
            "display_name": "",
            "team": "T04MCQMEXQ9",
            "name": "kimdwkimdw",
            "is_restricted": false,
            "is_ultra_restricted": false
        },
        "attachments": [
            {
                "image_url": "https:\/\/opengraph.githubassets.com\/e54959c3f8d81ecbda54a92ca5f506e65d2f8bad0dfd34282372633a0245b781\/sanchit-gandhi\/whisper-jax",
                "image_width": 1200,
                "image_height": 600,
                "image_bytes": 104333,
                "from_url": "https:\/\/github.com\/sanchit-gandhi\/whisper-jax",
                "service_icon": "https:\/\/a.slack-edge.com\/80588\/img\/unfurl_icons\/github.png",
                "id": 1,
                "original_url": "https:\/\/github.com\/sanchit-gandhi\/whisper-jax",
                "fallback": "GitHub: GitHub - sanchit-gandhi\/whisper-jax",
                "text": "Contribute to sanchit-gandhi\/whisper-jax development by creating an account on GitHub.",
                "title": "GitHub - sanchit-gandhi\/whisper-jax",
                "title_link": "https:\/\/github.com\/sanchit-gandhi\/whisper-jax",
                "service_name": "GitHub"
            }
        ],
        "reactions": [
            {
                "name": "eyes",
                "users": [
                    "U04M23DV3NE",
                    "U04M2QUG7NY",
                    "U04LYGJ3945",
                    "U04MQ1B2BGQ",
                    "U04MMPYDYQH",
                    "U054LG237BP",
                    "U04QJNZDDFB"
                ],
                "count": 7
            },
            {
                "name": "raised_hands",
                "users": [
                    "U04M23DV3NE",
                    "U04M2QUG7NY",
                    "U054LG237BP"
                ],
                "count": 3
            },
            {
                "name": "+1",
                "users": [
                    "U04MQ2J38JC",
                    "U054LG237BP"
                ],
                "count": 2
            }
        ]
    }
]