[
    {
        "client_msg_id": "d5ff0b13-33d1-4419-a280-6bdfbbb33ac2",
        "type": "message",
        "text": "상당히 자세한 transformer inference optimization survey paper가 나왔네요! <https:\/\/arxiv.org\/pdf\/2302.14017.pdf>\n\n아키텍쳐부터 NAS까지 싹 정리하기 매우 좋은 페이퍼같습니다",
        "user": "U04M09VRR3L",
        "ts": "1678722201.050219",
        "blocks": [
            {
                "type": "rich_text",
                "block_id": "2J0",
                "elements": [
                    {
                        "type": "rich_text_section",
                        "elements": [
                            {
                                "type": "text",
                                "text": "상당히 자세한 transformer inference optimization survey paper가 나왔네요! "
                            },
                            {
                                "type": "link",
                                "url": "https:\/\/arxiv.org\/pdf\/2302.14017.pdf"
                            },
                            {
                                "type": "text",
                                "text": "\n\n아키텍쳐부터 NAS까지 싹 정리하기 매우 좋은 페이퍼같습니다"
                            }
                        ]
                    }
                ]
            }
        ],
        "team": "T04MCQMEXQ9",
        "user_team": "T04MCQMEXQ9",
        "source_team": "T04MCQMEXQ9",
        "user_profile": {
            "avatar_hash": "effaf3dfd640",
            "image_72": "https:\/\/avatars.slack-edge.com\/2023-01-28\/4714335913394_effaf3dfd64003bda40c_72.png",
            "first_name": "김민재",
            "real_name": "김민재",
            "display_name": "김민재 \/ 서울대학교",
            "team": "T04MCQMEXQ9",
            "name": "widiba03304",
            "is_restricted": false,
            "is_ultra_restricted": false
        },
        "edited": {
            "user": "U04M09VRR3L",
            "ts": "1678722223.000000"
        },
        "reactions": [
            {
                "name": "+1",
                "users": [
                    "U04MQ2J38JC",
                    "U04MB9UUFK5",
                    "U04M31F24CU",
                    "U04LYGJ3945",
                    "U04MCA1D8G5",
                    "U04M091M3MZ",
                    "U04MCUU74TT",
                    "U04LU2NN8TY",
                    "U04MQHDJ12L",
                    "U04M2NY6U2Y",
                    "U04MQ90NYFJ",
                    "U04PX4KR14P",
                    "U04NCQWNY86",
                    "U04M1LKNQUB",
                    "U04MQ1B2BGQ",
                    "U04M059CL67",
                    "U04LTT6NJ8N",
                    "U04M51TDQR0",
                    "U04M46B4N3W"
                ],
                "count": 19
            }
        ]
    }
]