[
    {
        "client_msg_id": "f0bc4a0f-2f19-485f-bb38-75679220fbd9",
        "type": "message",
        "text": "최근 fp8에 대한 얘기가 많이 들리고 있는데요. 아예 nvidia h100에 대한 spec report를 fp8로 하는거 아닌가 싶을때도 있구요.. qualcomm에서 재미있는 paper를 하나 냈습니다.\n\n<https:\/\/arxiv.org\/pdf\/2303.17951.pdf>",
        "user": "U04M05UHX7U",
        "ts": "1681086396.963299",
        "blocks": [
            {
                "type": "rich_text",
                "block_id": "Nbi",
                "elements": [
                    {
                        "type": "rich_text_section",
                        "elements": [
                            {
                                "type": "text",
                                "text": "최근 fp8에 대한 얘기가 많이 들리고 있는데요. 아예 nvidia h100에 대한 spec report를 fp8로 하는거 아닌가 싶을때도 있구요.. qualcomm에서 재미있는 paper를 하나 냈습니다.\n\n"
                            },
                            {
                                "type": "link",
                                "url": "https:\/\/arxiv.org\/pdf\/2303.17951.pdf"
                            }
                        ]
                    }
                ]
            }
        ],
        "team": "T04MCQMEXQ9",
        "user_team": "T04MCQMEXQ9",
        "source_team": "T04MCQMEXQ9",
        "user_profile": {
            "avatar_hash": "8160001f5214",
            "image_72": "https:\/\/avatars.slack-edge.com\/2023-01-29\/4699744492023_8160001f52148d13414d_72.jpg",
            "first_name": "권세중\/네이버클라우드",
            "real_name": "권세중\/네이버클라우드",
            "display_name": "권세중\/네이버클라우드",
            "team": "T04MCQMEXQ9",
            "name": "sejung.kwon",
            "is_restricted": false,
            "is_ultra_restricted": false
        },
        "reactions": [
            {
                "name": "+1",
                "users": [
                    "U04MQ1B2BGQ",
                    "U04MQ2J38JC",
                    "U04M059CL67",
                    "U04M0B0PWMQ",
                    "U04M2NY6U2Y",
                    "U04M091M3MZ",
                    "U04LTPY7LES",
                    "U04LTT6NJ8N",
                    "U04LXEQS5PF",
                    "U04LU2NN8TY",
                    "U04M09VRR3L",
                    "U04LV2JHHB8",
                    "U04LKU43D7Z",
                    "U04LXKFJLFP",
                    "U04QJNZDDFB",
                    "U04M2TTHAUU",
                    "U04MCA1D8G5",
                    "U04M31F24CU",
                    "U04LTMVAQ4W",
                    "U04M1LKNQUB",
                    "U04MD0GTCG1",
                    "U04MQ90NYFJ"
                ],
                "count": 22
            }
        ]
    }
]