[
{
    "id": "C04LKKFHWP9",
    "name": "랜덤",
    "created": 1674957958,
    "creator": "U04M05UHX7U",
    "is_archived": false,
    "is_general": false,
    "members": [
        "U04LKPBTEVD",
        "U04LKPBUQ23",
        "U04LKR13MV5",
        "U04LKSJGVGX",
        "U04LKU43D7Z",
        "U04LKU90LQP",
        "U04LKV4QJ6B",
        "U04LL0F5RBR",
        "U04LL25TRDM",
        "U04LL3W0YCF",
        "U04LL3W56F9",
        "U04LL4U62F9",
        "U04LL521XK9",
        "U04LL5E3NMD",
        "U04LL5F20KZ",
        "U04LL5UHC5D",
        "U04LLHES55M",
        "U04LLR36S79",
        "U04LM1LKH0F",
        "U04LMFRQQTH",
        "U04LN2WSWVD",
        "U04LNL0KG31",
        "U04LRKK26LX",
        "U04LTMFBF2A",
        "U04LTMGEMLN",
        "U04LTMVAQ4W",
        "U04LTMXAU3Y",
        "U04LTNE8FHU",
        "U04LTNK3K46",
        "U04LTPT340N",
        "U04LTPY7LES",
        "U04LTQ0M14N",
        "U04LTQ6E486",
        "U04LTQEU346",
        "U04LTT6NJ8N",
        "U04LTUV1LHL",
        "U04LU2NN8TY",
        "U04LUQV2QB0",
        "U04LV1TC17Y",
        "U04LV2JHHB8",
        "U04LVRB5YNS",
        "U04LXBEEHMK",
        "U04LXBG8GAZ",
        "U04LXEQS5PF",
        "U04LXFZ4277",
        "U04LXKBSSQM",
        "U04LXKFJLFP",
        "U04LXKG0729",
        "U04LXLK4EPP",
        "U04LXNGDNH3",
        "U04LXNWJ0HK",
        "U04LXTWCESH",
        "U04LY25D7C5",
        "U04LYELFPLM",
        "U04LYGCMATF",
        "U04LYGJ3945",
        "U04LYGQ3145",
        "U04LYJZ81LM",
        "U04M059CL67",
        "U04M06CDVC3",
        "U04M06CM95H",
        "U04M0811ZPD",
        "U04M08F2ATD",
        "U04M091M3MZ",
        "U04M09VNDD1",
        "U04M09VRR3L",
        "U04M0AJF3U2",
        "U04M0B0PWMQ",
        "U04M0B1MW67",
        "U04M0B9BKKL",
        "U04M0BDNTRQ",
        "U04M0CJUUCT",
        "U04M0CV8DHR",
        "U04M0D54PEW",
        "U04M0DPAW74",
        "U04M0EN2FM0",
        "U04M0EXUSJE",
        "U04M0EZU3L2",
        "U04M0FCLZAN",
        "U04M0FRJ2KD",
        "U04M0KAADU2",
        "U04M0MUABDY",
        "U04M0NBGTDZ",
        "U04M0NCHHV1",
        "U04M0NEBX6W",
        "U04M0Q6HTQA",
        "U04M0S8UMEW",
        "U04M1ASRNBV",
        "U04M1BA4TK4",
        "U04M1LKNQUB",
        "U04M1LQ8RPX",
        "U04M1MCTFM1",
        "U04M1QA3P6X",
        "U04M1R5SD8A",
        "U04M1RMCVQB",
        "U04M23DV3NE",
        "U04M28JU8TV",
        "U04M2NY6U2Y",
        "U04M2PXD15J",
        "U04M2QK6ZHS",
        "U04M2QTD292",
        "U04M2QUG7NY",
        "U04M2RHBD8U",
        "U04M2RTGHUL",
        "U04M2RVTEH2",
        "U04M2SA3MK6",
        "U04M2SSGVLL",
        "U04M2TEM8TE",
        "U04M2TTHAUU",
        "U04M2U60Y4C",
        "U04M31F24CU",
        "U04M348MYJG",
        "U04M39Q8R19",
        "U04M3QR170C",
        "U04M3UUAZTN",
        "U04M3V6RJLF",
        "U04M40PSS3G",
        "U04M46B4N3W",
        "U04M4K9FT7D",
        "U04M51TDQR0",
        "U04M5D0TQUD",
        "U04M7HPGE7N",
        "U04M89H9Y2F",
        "U04M8MYR30X",
        "U04MADK8SF4",
        "U04MATHDDK6",
        "U04MB9UUFK5",
        "U04MCA1D8G5",
        "U04MCUU74TT",
        "U04MCUY6M33",
        "U04MD0GTCG1",
        "U04MD0HNM4Z",
        "U04MD4D7CBT",
        "U04MDCF8UHF",
        "U04MDCPURTK",
        "U04MDFZ3NTB",
        "U04MDLFJS82",
        "U04ME7ZGH7T",
        "U04ME8KRSHF",
        "U04METS3YHF",
        "U04MG0U2ZS7",
        "U04MGFJCZ6K",
        "U04MHG01CGH",
        "U04MJKA8E92",
        "U04MK3A68J1",
        "U04MMGPP1A5",
        "U04MMPYDYQH",
        "U04MPMM04H1",
        "U04MQ0RCNGY",
        "U04MQ1B2BGQ",
        "U04MQ1ULRUY",
        "U04MQ2J38JC",
        "U04MQ3CJBS4",
        "U04MQ6GUEPJ",
        "U04MQ90NYFJ",
        "U04MQBR8Z5W",
        "U04MQCMBD24",
        "U04MQHDJ12L",
        "U04MQQPQ9C0",
        "U04MR3L76Q0",
        "U04MR4HP9FA",
        "U04MR6SMS0G",
        "U04MR94VA68",
        "U04MSENK2BS",
        "U04MSS3QLEL",
        "U04MT854ETA",
        "U04MUJEQVEC",
        "U04MVVD7NG0",
        "U04MYHXMGAV",
        "U04N5PG7NPJ",
        "U04N5SKBP08",
        "U04NCHEUQP2",
        "U04NCQWNY86",
        "U04NQP19QJ0",
        "U04P3ELPLN4",
        "U04P7EPCL5R",
        "U04P8LCGBA8",
        "U04P9PBR562",
        "U04PAA4C33R",
        "U04PL8S9ZEZ",
        "U04PTRH3VH8",
        "U04PX4KR14P",
        "U04Q447K5B7",
        "U04Q5NWH7LN",
        "U04Q8824XGX",
        "U04QJNZDDFB",
        "U04RSH8N41W"
    ],
    "topic": {
        "value": "",
        "creator": "",
        "last_set": 0
    },
    "purpose": {
        "value": "이것은 나머지 모든 것을 위한 채널입니다. 팀원들이 농담하거나 순간적인 아이디어나 재미있는 GIF를 공유하는 곳이죠! 마음껏 즐기세요!",
        "creator": "U04M05UHX7U",
        "last_set": 1674957958
    }
},
{
    "id": "C04LTL2NP7G",
    "name": "02-무엇이든물어보세요",
    "created": 1674964421,
    "creator": "U04M05UHX7U",
    "is_archived": false,
    "is_general": false,
    "members": [
        "U04LKPBTEVD",
        "U04LKPBUQ23",
        "U04LKR13MV5",
        "U04LKSJGVGX",
        "U04LKU43D7Z",
        "U04LKU90LQP",
        "U04LKV4QJ6B",
        "U04LL0F5RBR",
        "U04LL25TRDM",
        "U04LL3W0YCF",
        "U04LL3W56F9",
        "U04LL4U62F9",
        "U04LL521XK9",
        "U04LL5E3NMD",
        "U04LL5F20KZ",
        "U04LL5UHC5D",
        "U04LLHES55M",
        "U04LLR36S79",
        "U04LM1LKH0F",
        "U04LMFRQQTH",
        "U04LN2WSWVD",
        "U04LNL0KG31",
        "U04LRKK26LX",
        "U04LTMFBF2A",
        "U04LTMGEMLN",
        "U04LTMVAQ4W",
        "U04LTMXAU3Y",
        "U04LTNE8FHU",
        "U04LTNK3K46",
        "U04LTPT340N",
        "U04LTPY7LES",
        "U04LTQ0M14N",
        "U04LTQ6E486",
        "U04LTQEU346",
        "U04LTT6NJ8N",
        "U04LTUV1LHL",
        "U04LU2NN8TY",
        "U04LUQV2QB0",
        "U04LV1TC17Y",
        "U04LV2JHHB8",
        "U04LVRB5YNS",
        "U04LXBEEHMK",
        "U04LXBG8GAZ",
        "U04LXEQS5PF",
        "U04LXFZ4277",
        "U04LXKBSSQM",
        "U04LXKFJLFP",
        "U04LXKG0729",
        "U04LXLK4EPP",
        "U04LXNGDNH3",
        "U04LXNWJ0HK",
        "U04LXTWCESH",
        "U04LY25D7C5",
        "U04LYELFPLM",
        "U04LYGCMATF",
        "U04LYGJ3945",
        "U04LYGQ3145",
        "U04LYJZ81LM",
        "U04M059CL67",
        "U04M05UHX7U",
        "U04M06CDVC3",
        "U04M06CM95H",
        "U04M0811ZPD",
        "U04M08F2ATD",
        "U04M091M3MZ",
        "U04M09VNDD1",
        "U04M09VRR3L",
        "U04M0AJF3U2",
        "U04M0B0PWMQ",
        "U04M0B1MW67",
        "U04M0B9BKKL",
        "U04M0BDNTRQ",
        "U04M0CJUUCT",
        "U04M0CV8DHR",
        "U04M0D54PEW",
        "U04M0DPAW74",
        "U04M0EN2FM0",
        "U04M0EXUSJE",
        "U04M0EZU3L2",
        "U04M0FCLZAN",
        "U04M0FRJ2KD",
        "U04M0KAADU2",
        "U04M0MUABDY",
        "U04M0NBGTDZ",
        "U04M0NCHHV1",
        "U04M0NEBX6W",
        "U04M0Q6HTQA",
        "U04M0S8UMEW",
        "U04M1ASRNBV",
        "U04M1BA4TK4",
        "U04M1LKNQUB",
        "U04M1LQ8RPX",
        "U04M1MCTFM1",
        "U04M1QA3P6X",
        "U04M1R5SD8A",
        "U04M1RMCVQB",
        "U04M23DV3NE",
        "U04M28JU8TV",
        "U04M2NY6U2Y",
        "U04M2PXD15J",
        "U04M2QK6ZHS",
        "U04M2QTD292",
        "U04M2QUG7NY",
        "U04M2RHBD8U",
        "U04M2RTGHUL",
        "U04M2RVTEH2",
        "U04M2SA3MK6",
        "U04M2SSGVLL",
        "U04M2TEM8TE",
        "U04M2TTHAUU",
        "U04M2U60Y4C",
        "U04M31F24CU",
        "U04M348MYJG",
        "U04M39Q8R19",
        "U04M3QR170C",
        "U04M3UUAZTN",
        "U04M3V6RJLF",
        "U04M40PSS3G",
        "U04M46B4N3W",
        "U04M4K9FT7D",
        "U04M51TDQR0",
        "U04M5D0TQUD",
        "U04M7HPGE7N",
        "U04M89H9Y2F",
        "U04M8MYR30X",
        "U04MADK8SF4",
        "U04MATHDDK6",
        "U04MB9UUFK5",
        "U04MCA1D8G5",
        "U04MCUU74TT",
        "U04MCUY6M33",
        "U04MD0GTCG1",
        "U04MD0HNM4Z",
        "U04MD4D7CBT",
        "U04MDCF8UHF",
        "U04MDCPURTK",
        "U04MDFZ3NTB",
        "U04MDLFJS82",
        "U04ME7ZGH7T",
        "U04ME8KRSHF",
        "U04METS3YHF",
        "U04MG0U2ZS7",
        "U04MGFJCZ6K",
        "U04MHG01CGH",
        "U04MJKA8E92",
        "U04MK3A68J1",
        "U04MMGPP1A5",
        "U04MMPYDYQH",
        "U04MPMM04H1",
        "U04MQ0RCNGY",
        "U04MQ1B2BGQ",
        "U04MQ1ULRUY",
        "U04MQ2J38JC",
        "U04MQ3CJBS4",
        "U04MQ6GUEPJ",
        "U04MQ90NYFJ",
        "U04MQBR8Z5W",
        "U04MQCMBD24",
        "U04MQHDJ12L",
        "U04MQQPQ9C0",
        "U04MR3L76Q0",
        "U04MR4HP9FA",
        "U04MR6SMS0G",
        "U04MR94VA68",
        "U04MSENK2BS",
        "U04MSS3QLEL",
        "U04MT854ETA",
        "U04MUJEQVEC",
        "U04MVVD7NG0",
        "U04MYHXMGAV",
        "U04N5PG7NPJ",
        "U04N5SKBP08",
        "U04NCHEUQP2",
        "U04NCQWNY86",
        "U04NQP19QJ0",
        "U04P3ELPLN4",
        "U04P7EPCL5R",
        "U04P8LCGBA8",
        "U04P9PBR562",
        "U04PAA4C33R",
        "U04PL8S9ZEZ",
        "U04PTRH3VH8",
        "U04PX4KR14P",
        "U04Q447K5B7",
        "U04Q5NWH7LN",
        "U04Q8824XGX",
        "U04QJNZDDFB",
        "U04RSH8N41W"
    ],
    "topic": {
        "value": "",
        "creator": "",
        "last_set": 0
    },
    "purpose": {
        "value": "",
        "creator": "",
        "last_set": 0
    }
},
{
    "id": "C04LX9ZLG5T",
    "name": "13-asr-경량화",
    "created": 1674964290,
    "creator": "U04M05UHX7U",
    "is_archived": false,
    "is_general": false,
    "members": [
        "U04LKPBTEVD",
        "U04LKPBUQ23",
        "U04LKR13MV5",
        "U04LKSJGVGX",
        "U04LKU43D7Z",
        "U04LKU90LQP",
        "U04LKV4QJ6B",
        "U04LL0F5RBR",
        "U04LL25TRDM",
        "U04LL3W0YCF",
        "U04LL3W56F9",
        "U04LL4U62F9",
        "U04LL521XK9",
        "U04LL5E3NMD",
        "U04LL5F20KZ",
        "U04LL5UHC5D",
        "U04LLHES55M",
        "U04LLR36S79",
        "U04LM1LKH0F",
        "U04LMFRQQTH",
        "U04LN2WSWVD",
        "U04LNL0KG31",
        "U04LRKK26LX",
        "U04LTMFBF2A",
        "U04LTMGEMLN",
        "U04LTMVAQ4W",
        "U04LTMXAU3Y",
        "U04LTNE8FHU",
        "U04LTNK3K46",
        "U04LTPT340N",
        "U04LTPY7LES",
        "U04LTQ0M14N",
        "U04LTQ6E486",
        "U04LTQEU346",
        "U04LTT6NJ8N",
        "U04LTUV1LHL",
        "U04LU2NN8TY",
        "U04LUQV2QB0",
        "U04LV1TC17Y",
        "U04LV2JHHB8",
        "U04LVRB5YNS",
        "U04LXBEEHMK",
        "U04LXBG8GAZ",
        "U04LXEQS5PF",
        "U04LXFZ4277",
        "U04LXKBSSQM",
        "U04LXKFJLFP",
        "U04LXKG0729",
        "U04LXLK4EPP",
        "U04LXNGDNH3",
        "U04LXNWJ0HK",
        "U04LXTWCESH",
        "U04LY25D7C5",
        "U04LYELFPLM",
        "U04LYGCMATF",
        "U04LYGJ3945",
        "U04LYGQ3145",
        "U04LYJZ81LM",
        "U04M059CL67",
        "U04M05UHX7U",
        "U04M06CDVC3",
        "U04M06CM95H",
        "U04M0811ZPD",
        "U04M08F2ATD",
        "U04M091M3MZ",
        "U04M09VNDD1",
        "U04M09VRR3L",
        "U04M0AJF3U2",
        "U04M0B0PWMQ",
        "U04M0B1MW67",
        "U04M0B9BKKL",
        "U04M0BDNTRQ",
        "U04M0CJUUCT",
        "U04M0CV8DHR",
        "U04M0D54PEW",
        "U04M0DPAW74",
        "U04M0EN2FM0",
        "U04M0EXUSJE",
        "U04M0EZU3L2",
        "U04M0FCLZAN",
        "U04M0FRJ2KD",
        "U04M0KAADU2",
        "U04M0MUABDY",
        "U04M0NBGTDZ",
        "U04M0NCHHV1",
        "U04M0NEBX6W",
        "U04M0Q6HTQA",
        "U04M0S8UMEW",
        "U04M1ASRNBV",
        "U04M1BA4TK4",
        "U04M1LKNQUB",
        "U04M1LQ8RPX",
        "U04M1MCTFM1",
        "U04M1QA3P6X",
        "U04M1R5SD8A",
        "U04M1RMCVQB",
        "U04M23DV3NE",
        "U04M28JU8TV",
        "U04M2NY6U2Y",
        "U04M2PXD15J",
        "U04M2QK6ZHS",
        "U04M2QTD292",
        "U04M2QUG7NY",
        "U04M2RHBD8U",
        "U04M2RTGHUL",
        "U04M2RVTEH2",
        "U04M2SA3MK6",
        "U04M2SSGVLL",
        "U04M2TEM8TE",
        "U04M2TTHAUU",
        "U04M2U60Y4C",
        "U04M31F24CU",
        "U04M348MYJG",
        "U04M39Q8R19",
        "U04M3QR170C",
        "U04M3UUAZTN",
        "U04M3V6RJLF",
        "U04M40PSS3G",
        "U04M46B4N3W",
        "U04M4K9FT7D",
        "U04M51TDQR0",
        "U04M5D0TQUD",
        "U04M7HPGE7N",
        "U04M89H9Y2F",
        "U04M8MYR30X",
        "U04MADK8SF4",
        "U04MATHDDK6",
        "U04MB9UUFK5",
        "U04MCA1D8G5",
        "U04MCUU74TT",
        "U04MCUY6M33",
        "U04MD0GTCG1",
        "U04MD0HNM4Z",
        "U04MD4D7CBT",
        "U04MDCF8UHF",
        "U04MDCPURTK",
        "U04MDFZ3NTB",
        "U04MDLFJS82",
        "U04ME7ZGH7T",
        "U04ME8KRSHF",
        "U04METS3YHF",
        "U04MG0U2ZS7",
        "U04MGFJCZ6K",
        "U04MHG01CGH",
        "U04MJKA8E92",
        "U04MK3A68J1",
        "U04MMGPP1A5",
        "U04MMPYDYQH",
        "U04MPMM04H1",
        "U04MQ0RCNGY",
        "U04MQ1B2BGQ",
        "U04MQ1ULRUY",
        "U04MQ2J38JC",
        "U04MQ3CJBS4",
        "U04MQ6GUEPJ",
        "U04MQ90NYFJ",
        "U04MQBR8Z5W",
        "U04MQCMBD24",
        "U04MQHDJ12L",
        "U04MQQPQ9C0",
        "U04MR3L76Q0",
        "U04MR4HP9FA",
        "U04MR6SMS0G",
        "U04MR94VA68",
        "U04MSENK2BS",
        "U04MSS3QLEL",
        "U04MT854ETA",
        "U04MUJEQVEC",
        "U04MVVD7NG0",
        "U04MYHXMGAV",
        "U04N5PG7NPJ",
        "U04N5SKBP08",
        "U04NCHEUQP2",
        "U04NCQWNY86",
        "U04NQP19QJ0",
        "U04P3ELPLN4",
        "U04P7EPCL5R",
        "U04P8LCGBA8",
        "U04P9PBR562",
        "U04PAA4C33R",
        "U04PL8S9ZEZ",
        "U04PTRH3VH8",
        "U04PX4KR14P",
        "U04Q447K5B7",
        "U04Q5NWH7LN",
        "U04Q8824XGX",
        "U04QJNZDDFB",
        "U04RSH8N41W"
    ],
    "topic": {
        "value": "",
        "creator": "",
        "last_set": 0
    },
    "purpose": {
        "value": "",
        "creator": "",
        "last_set": 0
    }
},
{
    "id": "C04LXA0V4E9",
    "name": "11-경량화-일반",
    "created": 1674964399,
    "creator": "U04M05UHX7U",
    "is_archived": false,
    "is_general": false,
    "members": [
        "U04LKPBTEVD",
        "U04LKPBUQ23",
        "U04LKR13MV5",
        "U04LKSJGVGX",
        "U04LKU43D7Z",
        "U04LKU90LQP",
        "U04LKV4QJ6B",
        "U04LL0F5RBR",
        "U04LL25TRDM",
        "U04LL3W0YCF",
        "U04LL3W56F9",
        "U04LL4U62F9",
        "U04LL521XK9",
        "U04LL5E3NMD",
        "U04LL5F20KZ",
        "U04LL5UHC5D",
        "U04LLHES55M",
        "U04LLR36S79",
        "U04LM1LKH0F",
        "U04LMFRQQTH",
        "U04LN2WSWVD",
        "U04LNL0KG31",
        "U04LRKK26LX",
        "U04LTMFBF2A",
        "U04LTMGEMLN",
        "U04LTMVAQ4W",
        "U04LTMXAU3Y",
        "U04LTNE8FHU",
        "U04LTNK3K46",
        "U04LTPT340N",
        "U04LTPY7LES",
        "U04LTQ0M14N",
        "U04LTQ6E486",
        "U04LTQEU346",
        "U04LTT6NJ8N",
        "U04LTUV1LHL",
        "U04LU2NN8TY",
        "U04LUQV2QB0",
        "U04LV1TC17Y",
        "U04LV2JHHB8",
        "U04LVRB5YNS",
        "U04LXBEEHMK",
        "U04LXBG8GAZ",
        "U04LXEQS5PF",
        "U04LXFZ4277",
        "U04LXKBSSQM",
        "U04LXKFJLFP",
        "U04LXKG0729",
        "U04LXLK4EPP",
        "U04LXNGDNH3",
        "U04LXNWJ0HK",
        "U04LXTWCESH",
        "U04LY25D7C5",
        "U04LYELFPLM",
        "U04LYGCMATF",
        "U04LYGJ3945",
        "U04LYGQ3145",
        "U04LYJZ81LM",
        "U04M059CL67",
        "U04M05UHX7U",
        "U04M06CDVC3",
        "U04M06CM95H",
        "U04M0811ZPD",
        "U04M08F2ATD",
        "U04M091M3MZ",
        "U04M09VNDD1",
        "U04M09VRR3L",
        "U04M0AJF3U2",
        "U04M0B0PWMQ",
        "U04M0B1MW67",
        "U04M0B9BKKL",
        "U04M0BDNTRQ",
        "U04M0CJUUCT",
        "U04M0CV8DHR",
        "U04M0D54PEW",
        "U04M0DPAW74",
        "U04M0EN2FM0",
        "U04M0EXUSJE",
        "U04M0EZU3L2",
        "U04M0FCLZAN",
        "U04M0FRJ2KD",
        "U04M0KAADU2",
        "U04M0MUABDY",
        "U04M0NBGTDZ",
        "U04M0NCHHV1",
        "U04M0NEBX6W",
        "U04M0Q6HTQA",
        "U04M0S8UMEW",
        "U04M1ASRNBV",
        "U04M1BA4TK4",
        "U04M1LKNQUB",
        "U04M1LQ8RPX",
        "U04M1MCTFM1",
        "U04M1QA3P6X",
        "U04M1R5SD8A",
        "U04M1RMCVQB",
        "U04M23DV3NE",
        "U04M28JU8TV",
        "U04M2NY6U2Y",
        "U04M2PXD15J",
        "U04M2QK6ZHS",
        "U04M2QTD292",
        "U04M2QUG7NY",
        "U04M2RHBD8U",
        "U04M2RTGHUL",
        "U04M2RVTEH2",
        "U04M2SA3MK6",
        "U04M2SSGVLL",
        "U04M2TEM8TE",
        "U04M2TTHAUU",
        "U04M2U60Y4C",
        "U04M31F24CU",
        "U04M348MYJG",
        "U04M39Q8R19",
        "U04M3QR170C",
        "U04M3UUAZTN",
        "U04M3V6RJLF",
        "U04M40PSS3G",
        "U04M46B4N3W",
        "U04M4K9FT7D",
        "U04M51TDQR0",
        "U04M5D0TQUD",
        "U04M7HPGE7N",
        "U04M89H9Y2F",
        "U04M8MYR30X",
        "U04MADK8SF4",
        "U04MATHDDK6",
        "U04MB9UUFK5",
        "U04MCA1D8G5",
        "U04MCUU74TT",
        "U04MCUY6M33",
        "U04MD0GTCG1",
        "U04MD0HNM4Z",
        "U04MD4D7CBT",
        "U04MDCF8UHF",
        "U04MDCPURTK",
        "U04MDFZ3NTB",
        "U04MDLFJS82",
        "U04ME7ZGH7T",
        "U04ME8KRSHF",
        "U04METS3YHF",
        "U04MG0U2ZS7",
        "U04MGFJCZ6K",
        "U04MHG01CGH",
        "U04MJKA8E92",
        "U04MK3A68J1",
        "U04MMGPP1A5",
        "U04MMPYDYQH",
        "U04MPMM04H1",
        "U04MQ0RCNGY",
        "U04MQ1B2BGQ",
        "U04MQ1ULRUY",
        "U04MQ2J38JC",
        "U04MQ3CJBS4",
        "U04MQ6GUEPJ",
        "U04MQ90NYFJ",
        "U04MQBR8Z5W",
        "U04MQCMBD24",
        "U04MQHDJ12L",
        "U04MQQPQ9C0",
        "U04MR3L76Q0",
        "U04MR4HP9FA",
        "U04MR6SMS0G",
        "U04MR94VA68",
        "U04MSENK2BS",
        "U04MSS3QLEL",
        "U04MT854ETA",
        "U04MUJEQVEC",
        "U04MVVD7NG0",
        "U04MYHXMGAV",
        "U04N5PG7NPJ",
        "U04N5SKBP08",
        "U04NCHEUQP2",
        "U04NCQWNY86",
        "U04NQP19QJ0",
        "U04P3ELPLN4",
        "U04P7EPCL5R",
        "U04P8LCGBA8",
        "U04P9PBR562",
        "U04PAA4C33R",
        "U04PL8S9ZEZ",
        "U04PTRH3VH8",
        "U04PX4KR14P",
        "U04Q447K5B7",
        "U04Q5NWH7LN",
        "U04Q8824XGX",
        "U04QJNZDDFB",
        "U04RSH8N41W"
    ],
    "topic": {
        "value": "",
        "creator": "",
        "last_set": 0
    },
    "purpose": {
        "value": "",
        "creator": "",
        "last_set": 0
    }
},
{
    "id": "C04LXA3BLJZ",
    "name": "21-tools",
    "created": 1674964600,
    "creator": "U04M05UHX7U",
    "is_archived": false,
    "is_general": false,
    "members": [
        "U04LKPBTEVD",
        "U04LKPBUQ23",
        "U04LKR13MV5",
        "U04LKSJGVGX",
        "U04LKU43D7Z",
        "U04LKU90LQP",
        "U04LKV4QJ6B",
        "U04LL0F5RBR",
        "U04LL25TRDM",
        "U04LL3W0YCF",
        "U04LL3W56F9",
        "U04LL4U62F9",
        "U04LL521XK9",
        "U04LL5E3NMD",
        "U04LL5F20KZ",
        "U04LL5UHC5D",
        "U04LLHES55M",
        "U04LLR36S79",
        "U04LM1LKH0F",
        "U04LMFRQQTH",
        "U04LN2WSWVD",
        "U04LNL0KG31",
        "U04LRKK26LX",
        "U04LTMFBF2A",
        "U04LTMGEMLN",
        "U04LTMVAQ4W",
        "U04LTMXAU3Y",
        "U04LTNE8FHU",
        "U04LTNK3K46",
        "U04LTPT340N",
        "U04LTPY7LES",
        "U04LTQ0M14N",
        "U04LTQ6E486",
        "U04LTQEU346",
        "U04LTT6NJ8N",
        "U04LTUV1LHL",
        "U04LU2NN8TY",
        "U04LUQV2QB0",
        "U04LV1TC17Y",
        "U04LV2JHHB8",
        "U04LVRB5YNS",
        "U04LXBEEHMK",
        "U04LXBG8GAZ",
        "U04LXEQS5PF",
        "U04LXFZ4277",
        "U04LXKBSSQM",
        "U04LXKFJLFP",
        "U04LXKG0729",
        "U04LXLK4EPP",
        "U04LXNGDNH3",
        "U04LXNWJ0HK",
        "U04LXTWCESH",
        "U04LY25D7C5",
        "U04LYELFPLM",
        "U04LYGCMATF",
        "U04LYGJ3945",
        "U04LYGQ3145",
        "U04LYJZ81LM",
        "U04M059CL67",
        "U04M05UHX7U",
        "U04M06CDVC3",
        "U04M06CM95H",
        "U04M0811ZPD",
        "U04M08F2ATD",
        "U04M091M3MZ",
        "U04M09VNDD1",
        "U04M09VRR3L",
        "U04M0AJF3U2",
        "U04M0B0PWMQ",
        "U04M0B1MW67",
        "U04M0B9BKKL",
        "U04M0BDNTRQ",
        "U04M0CJUUCT",
        "U04M0CV8DHR",
        "U04M0D54PEW",
        "U04M0DPAW74",
        "U04M0EN2FM0",
        "U04M0EXUSJE",
        "U04M0EZU3L2",
        "U04M0FCLZAN",
        "U04M0FRJ2KD",
        "U04M0KAADU2",
        "U04M0MUABDY",
        "U04M0NBGTDZ",
        "U04M0NCHHV1",
        "U04M0NEBX6W",
        "U04M0Q6HTQA",
        "U04M0S8UMEW",
        "U04M1ASRNBV",
        "U04M1BA4TK4",
        "U04M1LKNQUB",
        "U04M1LQ8RPX",
        "U04M1MCTFM1",
        "U04M1QA3P6X",
        "U04M1R5SD8A",
        "U04M1RMCVQB",
        "U04M23DV3NE",
        "U04M28JU8TV",
        "U04M2NY6U2Y",
        "U04M2PXD15J",
        "U04M2QK6ZHS",
        "U04M2QTD292",
        "U04M2QUG7NY",
        "U04M2RHBD8U",
        "U04M2RTGHUL",
        "U04M2RVTEH2",
        "U04M2SA3MK6",
        "U04M2SSGVLL",
        "U04M2TEM8TE",
        "U04M2TTHAUU",
        "U04M2U60Y4C",
        "U04M31F24CU",
        "U04M348MYJG",
        "U04M39Q8R19",
        "U04M3QR170C",
        "U04M3UUAZTN",
        "U04M3V6RJLF",
        "U04M40PSS3G",
        "U04M46B4N3W",
        "U04M4K9FT7D",
        "U04M51TDQR0",
        "U04M5D0TQUD",
        "U04M7HPGE7N",
        "U04M89H9Y2F",
        "U04M8MYR30X",
        "U04MADK8SF4",
        "U04MATHDDK6",
        "U04MB9UUFK5",
        "U04MCA1D8G5",
        "U04MCUU74TT",
        "U04MCUY6M33",
        "U04MD0GTCG1",
        "U04MD0HNM4Z",
        "U04MD4D7CBT",
        "U04MDCF8UHF",
        "U04MDCPURTK",
        "U04MDFZ3NTB",
        "U04MDLFJS82",
        "U04ME7ZGH7T",
        "U04ME8KRSHF",
        "U04METS3YHF",
        "U04MG0U2ZS7",
        "U04MGFJCZ6K",
        "U04MHG01CGH",
        "U04MJKA8E92",
        "U04MK3A68J1",
        "U04MMGPP1A5",
        "U04MMPYDYQH",
        "U04MPMM04H1",
        "U04MQ0RCNGY",
        "U04MQ1B2BGQ",
        "U04MQ1ULRUY",
        "U04MQ2J38JC",
        "U04MQ3CJBS4",
        "U04MQ6GUEPJ",
        "U04MQ90NYFJ",
        "U04MQBR8Z5W",
        "U04MQCMBD24",
        "U04MQHDJ12L",
        "U04MQQPQ9C0",
        "U04MR3L76Q0",
        "U04MR4HP9FA",
        "U04MR6SMS0G",
        "U04MR94VA68",
        "U04MSENK2BS",
        "U04MSS3QLEL",
        "U04MT854ETA",
        "U04MUJEQVEC",
        "U04MVVD7NG0",
        "U04MYHXMGAV",
        "U04N5PG7NPJ",
        "U04N5SKBP08",
        "U04NCHEUQP2",
        "U04NCQWNY86",
        "U04NQP19QJ0",
        "U04P3ELPLN4",
        "U04P7EPCL5R",
        "U04P8LCGBA8",
        "U04P9PBR562",
        "U04PAA4C33R",
        "U04PL8S9ZEZ",
        "U04PTRH3VH8",
        "U04PX4KR14P",
        "U04Q447K5B7",
        "U04Q5NWH7LN",
        "U04Q8824XGX",
        "U04QJNZDDFB",
        "U04RSH8N41W"
    ],
    "topic": {
        "value": "",
        "creator": "",
        "last_set": 0
    },
    "purpose": {
        "value": "",
        "creator": "",
        "last_set": 0
    }
},
{
    "id": "C04M04WTLE7",
    "name": "03-홍보방",
    "created": 1674964440,
    "creator": "U04M05UHX7U",
    "is_archived": false,
    "is_general": false,
    "members": [
        "U04LKPBTEVD",
        "U04LKPBUQ23",
        "U04LKR13MV5",
        "U04LKSJGVGX",
        "U04LKU43D7Z",
        "U04LKU90LQP",
        "U04LKV4QJ6B",
        "U04LL0F5RBR",
        "U04LL25TRDM",
        "U04LL3W0YCF",
        "U04LL3W56F9",
        "U04LL4U62F9",
        "U04LL521XK9",
        "U04LL5E3NMD",
        "U04LL5F20KZ",
        "U04LL5UHC5D",
        "U04LLHES55M",
        "U04LLR36S79",
        "U04LM1LKH0F",
        "U04LMFRQQTH",
        "U04LN2WSWVD",
        "U04LNL0KG31",
        "U04LRKK26LX",
        "U04LTMFBF2A",
        "U04LTMGEMLN",
        "U04LTMVAQ4W",
        "U04LTMXAU3Y",
        "U04LTNE8FHU",
        "U04LTNK3K46",
        "U04LTPT340N",
        "U04LTPY7LES",
        "U04LTQ0M14N",
        "U04LTQ6E486",
        "U04LTQEU346",
        "U04LTT6NJ8N",
        "U04LTUV1LHL",
        "U04LU2NN8TY",
        "U04LUQV2QB0",
        "U04LV1TC17Y",
        "U04LV2JHHB8",
        "U04LVRB5YNS",
        "U04LXBEEHMK",
        "U04LXBG8GAZ",
        "U04LXEQS5PF",
        "U04LXFZ4277",
        "U04LXKBSSQM",
        "U04LXKFJLFP",
        "U04LXKG0729",
        "U04LXLK4EPP",
        "U04LXNGDNH3",
        "U04LXNWJ0HK",
        "U04LXTWCESH",
        "U04LY25D7C5",
        "U04LYELFPLM",
        "U04LYGCMATF",
        "U04LYGJ3945",
        "U04LYGQ3145",
        "U04LYJZ81LM",
        "U04M059CL67",
        "U04M05UHX7U",
        "U04M06CDVC3",
        "U04M06CM95H",
        "U04M0811ZPD",
        "U04M08F2ATD",
        "U04M091M3MZ",
        "U04M09VNDD1",
        "U04M09VRR3L",
        "U04M0AJF3U2",
        "U04M0B0PWMQ",
        "U04M0B1MW67",
        "U04M0B9BKKL",
        "U04M0BDNTRQ",
        "U04M0CJUUCT",
        "U04M0CV8DHR",
        "U04M0D54PEW",
        "U04M0DPAW74",
        "U04M0EN2FM0",
        "U04M0EXUSJE",
        "U04M0EZU3L2",
        "U04M0FCLZAN",
        "U04M0FRJ2KD",
        "U04M0KAADU2",
        "U04M0MUABDY",
        "U04M0NBGTDZ",
        "U04M0NCHHV1",
        "U04M0NEBX6W",
        "U04M0Q6HTQA",
        "U04M0S8UMEW",
        "U04M1ASRNBV",
        "U04M1BA4TK4",
        "U04M1LKNQUB",
        "U04M1LQ8RPX",
        "U04M1MCTFM1",
        "U04M1QA3P6X",
        "U04M1R5SD8A",
        "U04M1RMCVQB",
        "U04M23DV3NE",
        "U04M28JU8TV",
        "U04M2NY6U2Y",
        "U04M2PXD15J",
        "U04M2QK6ZHS",
        "U04M2QTD292",
        "U04M2QUG7NY",
        "U04M2RHBD8U",
        "U04M2RTGHUL",
        "U04M2RVTEH2",
        "U04M2SA3MK6",
        "U04M2SSGVLL",
        "U04M2TEM8TE",
        "U04M2TTHAUU",
        "U04M2U60Y4C",
        "U04M31F24CU",
        "U04M348MYJG",
        "U04M39Q8R19",
        "U04M3QR170C",
        "U04M3UUAZTN",
        "U04M3V6RJLF",
        "U04M40PSS3G",
        "U04M46B4N3W",
        "U04M4K9FT7D",
        "U04M51TDQR0",
        "U04M5D0TQUD",
        "U04M7HPGE7N",
        "U04M89H9Y2F",
        "U04M8MYR30X",
        "U04MADK8SF4",
        "U04MATHDDK6",
        "U04MB9UUFK5",
        "U04MCA1D8G5",
        "U04MCUU74TT",
        "U04MCUY6M33",
        "U04MD0GTCG1",
        "U04MD0HNM4Z",
        "U04MD4D7CBT",
        "U04MDCF8UHF",
        "U04MDCPURTK",
        "U04MDFZ3NTB",
        "U04MDLFJS82",
        "U04ME7ZGH7T",
        "U04ME8KRSHF",
        "U04METS3YHF",
        "U04MG0U2ZS7",
        "U04MGFJCZ6K",
        "U04MHG01CGH",
        "U04MJKA8E92",
        "U04MK3A68J1",
        "U04MMGPP1A5",
        "U04MMPYDYQH",
        "U04MPMM04H1",
        "U04MQ0RCNGY",
        "U04MQ1B2BGQ",
        "U04MQ1ULRUY",
        "U04MQ2J38JC",
        "U04MQ3CJBS4",
        "U04MQ6GUEPJ",
        "U04MQ90NYFJ",
        "U04MQBR8Z5W",
        "U04MQCMBD24",
        "U04MQHDJ12L",
        "U04MQQPQ9C0",
        "U04MR3L76Q0",
        "U04MR4HP9FA",
        "U04MR6SMS0G",
        "U04MR94VA68",
        "U04MSENK2BS",
        "U04MSS3QLEL",
        "U04MT854ETA",
        "U04MUJEQVEC",
        "U04MVVD7NG0",
        "U04MYHXMGAV",
        "U04N5PG7NPJ",
        "U04N5SKBP08",
        "U04NCHEUQP2",
        "U04NCQWNY86",
        "U04NQP19QJ0",
        "U04P3ELPLN4",
        "U04P7EPCL5R",
        "U04P8LCGBA8",
        "U04P9PBR562",
        "U04PAA4C33R",
        "U04PL8S9ZEZ",
        "U04PTRH3VH8",
        "U04PX4KR14P",
        "U04Q447K5B7",
        "U04Q5NWH7LN",
        "U04Q8824XGX",
        "U04QJNZDDFB",
        "U04RSH8N41W"
    ],
    "topic": {
        "value": "",
        "creator": "",
        "last_set": 0
    },
    "purpose": {
        "value": "",
        "creator": "",
        "last_set": 0
    }
},
{
    "id": "C04M0882S2W",
    "name": "12-vision-경량화",
    "created": 1674964117,
    "creator": "U04M05UHX7U",
    "is_archived": false,
    "is_general": false,
    "members": [
        "U04LKPBTEVD",
        "U04LKPBUQ23",
        "U04LKR13MV5",
        "U04LKSJGVGX",
        "U04LKU43D7Z",
        "U04LKU90LQP",
        "U04LKV4QJ6B",
        "U04LL0F5RBR",
        "U04LL25TRDM",
        "U04LL3W0YCF",
        "U04LL3W56F9",
        "U04LL4U62F9",
        "U04LL521XK9",
        "U04LL5E3NMD",
        "U04LL5F20KZ",
        "U04LL5UHC5D",
        "U04LLHES55M",
        "U04LLR36S79",
        "U04LM1LKH0F",
        "U04LMFRQQTH",
        "U04LN2WSWVD",
        "U04LNL0KG31",
        "U04LRKK26LX",
        "U04LTMFBF2A",
        "U04LTMGEMLN",
        "U04LTMVAQ4W",
        "U04LTMXAU3Y",
        "U04LTNE8FHU",
        "U04LTNK3K46",
        "U04LTPT340N",
        "U04LTPY7LES",
        "U04LTQ0M14N",
        "U04LTQ6E486",
        "U04LTQEU346",
        "U04LTT6NJ8N",
        "U04LTUV1LHL",
        "U04LU2NN8TY",
        "U04LUQV2QB0",
        "U04LV1TC17Y",
        "U04LV2JHHB8",
        "U04LVRB5YNS",
        "U04LXBEEHMK",
        "U04LXBG8GAZ",
        "U04LXEQS5PF",
        "U04LXFZ4277",
        "U04LXKBSSQM",
        "U04LXKFJLFP",
        "U04LXKG0729",
        "U04LXLK4EPP",
        "U04LXNGDNH3",
        "U04LXNWJ0HK",
        "U04LXTWCESH",
        "U04LY25D7C5",
        "U04LYELFPLM",
        "U04LYGCMATF",
        "U04LYGJ3945",
        "U04LYGQ3145",
        "U04LYJZ81LM",
        "U04M059CL67",
        "U04M05UHX7U",
        "U04M06CDVC3",
        "U04M06CM95H",
        "U04M0811ZPD",
        "U04M08F2ATD",
        "U04M091M3MZ",
        "U04M09VNDD1",
        "U04M09VRR3L",
        "U04M0AJF3U2",
        "U04M0B0PWMQ",
        "U04M0B1MW67",
        "U04M0B9BKKL",
        "U04M0BDNTRQ",
        "U04M0CJUUCT",
        "U04M0CV8DHR",
        "U04M0D54PEW",
        "U04M0DPAW74",
        "U04M0EN2FM0",
        "U04M0EXUSJE",
        "U04M0EZU3L2",
        "U04M0FCLZAN",
        "U04M0FRJ2KD",
        "U04M0KAADU2",
        "U04M0MUABDY",
        "U04M0NBGTDZ",
        "U04M0NCHHV1",
        "U04M0NEBX6W",
        "U04M0Q6HTQA",
        "U04M0S8UMEW",
        "U04M1ASRNBV",
        "U04M1BA4TK4",
        "U04M1LKNQUB",
        "U04M1LQ8RPX",
        "U04M1MCTFM1",
        "U04M1QA3P6X",
        "U04M1R5SD8A",
        "U04M1RMCVQB",
        "U04M23DV3NE",
        "U04M28JU8TV",
        "U04M2NY6U2Y",
        "U04M2PXD15J",
        "U04M2QK6ZHS",
        "U04M2QTD292",
        "U04M2QUG7NY",
        "U04M2RHBD8U",
        "U04M2RTGHUL",
        "U04M2RVTEH2",
        "U04M2SA3MK6",
        "U04M2SSGVLL",
        "U04M2TEM8TE",
        "U04M2TTHAUU",
        "U04M2U60Y4C",
        "U04M31F24CU",
        "U04M348MYJG",
        "U04M39Q8R19",
        "U04M3QR170C",
        "U04M3UUAZTN",
        "U04M3V6RJLF",
        "U04M40PSS3G",
        "U04M46B4N3W",
        "U04M4K9FT7D",
        "U04M51TDQR0",
        "U04M5D0TQUD",
        "U04M7HPGE7N",
        "U04M89H9Y2F",
        "U04M8MYR30X",
        "U04MADK8SF4",
        "U04MATHDDK6",
        "U04MB9UUFK5",
        "U04MCA1D8G5",
        "U04MCUU74TT",
        "U04MCUY6M33",
        "U04MD0GTCG1",
        "U04MD0HNM4Z",
        "U04MD4D7CBT",
        "U04MDCF8UHF",
        "U04MDCPURTK",
        "U04MDFZ3NTB",
        "U04MDLFJS82",
        "U04ME7ZGH7T",
        "U04ME8KRSHF",
        "U04METS3YHF",
        "U04MG0U2ZS7",
        "U04MGFJCZ6K",
        "U04MHG01CGH",
        "U04MJKA8E92",
        "U04MK3A68J1",
        "U04MMGPP1A5",
        "U04MMPYDYQH",
        "U04MPMM04H1",
        "U04MQ0RCNGY",
        "U04MQ1B2BGQ",
        "U04MQ1ULRUY",
        "U04MQ2J38JC",
        "U04MQ3CJBS4",
        "U04MQ6GUEPJ",
        "U04MQ90NYFJ",
        "U04MQBR8Z5W",
        "U04MQCMBD24",
        "U04MQHDJ12L",
        "U04MQQPQ9C0",
        "U04MR3L76Q0",
        "U04MR4HP9FA",
        "U04MR6SMS0G",
        "U04MR94VA68",
        "U04MSENK2BS",
        "U04MSS3QLEL",
        "U04MT854ETA",
        "U04MUJEQVEC",
        "U04MVVD7NG0",
        "U04MYHXMGAV",
        "U04N5PG7NPJ",
        "U04N5SKBP08",
        "U04NCHEUQP2",
        "U04NCQWNY86",
        "U04NQP19QJ0",
        "U04P3ELPLN4",
        "U04P7EPCL5R",
        "U04P8LCGBA8",
        "U04P9PBR562",
        "U04PAA4C33R",
        "U04PL8S9ZEZ",
        "U04PTRH3VH8",
        "U04PX4KR14P",
        "U04Q447K5B7",
        "U04Q5NWH7LN",
        "U04Q8824XGX",
        "U04QJNZDDFB",
        "U04RSH8N41W"
    ],
    "topic": {
        "value": "",
        "creator": "",
        "last_set": 0
    },
    "purpose": {
        "value": "",
        "creator": "",
        "last_set": 0
    }
},
{
    "id": "C04M08E0RQS",
    "name": "22-compiler",
    "created": 1674964610,
    "creator": "U04M05UHX7U",
    "is_archived": false,
    "is_general": false,
    "members": [
        "U04LKPBTEVD",
        "U04LKPBUQ23",
        "U04LKR13MV5",
        "U04LKSJGVGX",
        "U04LKU43D7Z",
        "U04LKU90LQP",
        "U04LKV4QJ6B",
        "U04LL0F5RBR",
        "U04LL25TRDM",
        "U04LL3W0YCF",
        "U04LL3W56F9",
        "U04LL4U62F9",
        "U04LL521XK9",
        "U04LL5E3NMD",
        "U04LL5F20KZ",
        "U04LL5UHC5D",
        "U04LLHES55M",
        "U04LLR36S79",
        "U04LM1LKH0F",
        "U04LMFRQQTH",
        "U04LN2WSWVD",
        "U04LNL0KG31",
        "U04LRKK26LX",
        "U04LTMFBF2A",
        "U04LTMGEMLN",
        "U04LTMVAQ4W",
        "U04LTMXAU3Y",
        "U04LTNE8FHU",
        "U04LTNK3K46",
        "U04LTPT340N",
        "U04LTPY7LES",
        "U04LTQ0M14N",
        "U04LTQ6E486",
        "U04LTQEU346",
        "U04LTT6NJ8N",
        "U04LTUV1LHL",
        "U04LU2NN8TY",
        "U04LUQV2QB0",
        "U04LV1TC17Y",
        "U04LV2JHHB8",
        "U04LVRB5YNS",
        "U04LXBEEHMK",
        "U04LXBG8GAZ",
        "U04LXEQS5PF",
        "U04LXFZ4277",
        "U04LXKBSSQM",
        "U04LXKFJLFP",
        "U04LXKG0729",
        "U04LXLK4EPP",
        "U04LXNGDNH3",
        "U04LXNWJ0HK",
        "U04LXTWCESH",
        "U04LY25D7C5",
        "U04LYELFPLM",
        "U04LYGCMATF",
        "U04LYGJ3945",
        "U04LYGQ3145",
        "U04LYJZ81LM",
        "U04M059CL67",
        "U04M05UHX7U",
        "U04M06CDVC3",
        "U04M06CM95H",
        "U04M0811ZPD",
        "U04M08F2ATD",
        "U04M091M3MZ",
        "U04M09VNDD1",
        "U04M09VRR3L",
        "U04M0AJF3U2",
        "U04M0B0PWMQ",
        "U04M0B1MW67",
        "U04M0B9BKKL",
        "U04M0BDNTRQ",
        "U04M0CJUUCT",
        "U04M0CV8DHR",
        "U04M0D54PEW",
        "U04M0DPAW74",
        "U04M0EN2FM0",
        "U04M0EXUSJE",
        "U04M0EZU3L2",
        "U04M0FCLZAN",
        "U04M0FRJ2KD",
        "U04M0KAADU2",
        "U04M0MUABDY",
        "U04M0NBGTDZ",
        "U04M0NCHHV1",
        "U04M0NEBX6W",
        "U04M0Q6HTQA",
        "U04M0S8UMEW",
        "U04M1ASRNBV",
        "U04M1BA4TK4",
        "U04M1LKNQUB",
        "U04M1LQ8RPX",
        "U04M1MCTFM1",
        "U04M1QA3P6X",
        "U04M1R5SD8A",
        "U04M1RMCVQB",
        "U04M23DV3NE",
        "U04M28JU8TV",
        "U04M2NY6U2Y",
        "U04M2PXD15J",
        "U04M2QK6ZHS",
        "U04M2QTD292",
        "U04M2QUG7NY",
        "U04M2RHBD8U",
        "U04M2RTGHUL",
        "U04M2RVTEH2",
        "U04M2SA3MK6",
        "U04M2SSGVLL",
        "U04M2TEM8TE",
        "U04M2TTHAUU",
        "U04M2U60Y4C",
        "U04M31F24CU",
        "U04M348MYJG",
        "U04M39Q8R19",
        "U04M3QR170C",
        "U04M3UUAZTN",
        "U04M3V6RJLF",
        "U04M40PSS3G",
        "U04M46B4N3W",
        "U04M4K9FT7D",
        "U04M51TDQR0",
        "U04M5D0TQUD",
        "U04M7HPGE7N",
        "U04M89H9Y2F",
        "U04M8MYR30X",
        "U04MADK8SF4",
        "U04MATHDDK6",
        "U04MB9UUFK5",
        "U04MCA1D8G5",
        "U04MCUU74TT",
        "U04MCUY6M33",
        "U04MD0GTCG1",
        "U04MD0HNM4Z",
        "U04MD4D7CBT",
        "U04MDCF8UHF",
        "U04MDCPURTK",
        "U04MDFZ3NTB",
        "U04MDLFJS82",
        "U04ME7ZGH7T",
        "U04ME8KRSHF",
        "U04METS3YHF",
        "U04MG0U2ZS7",
        "U04MGFJCZ6K",
        "U04MHG01CGH",
        "U04MJKA8E92",
        "U04MK3A68J1",
        "U04MMGPP1A5",
        "U04MMPYDYQH",
        "U04MPMM04H1",
        "U04MQ0RCNGY",
        "U04MQ1B2BGQ",
        "U04MQ1ULRUY",
        "U04MQ2J38JC",
        "U04MQ3CJBS4",
        "U04MQ6GUEPJ",
        "U04MQ90NYFJ",
        "U04MQBR8Z5W",
        "U04MQCMBD24",
        "U04MQHDJ12L",
        "U04MQQPQ9C0",
        "U04MR3L76Q0",
        "U04MR4HP9FA",
        "U04MR6SMS0G",
        "U04MR94VA68",
        "U04MSENK2BS",
        "U04MSS3QLEL",
        "U04MT854ETA",
        "U04MUJEQVEC",
        "U04MVVD7NG0",
        "U04MYHXMGAV",
        "U04N5PG7NPJ",
        "U04N5SKBP08",
        "U04NCHEUQP2",
        "U04NCQWNY86",
        "U04NQP19QJ0",
        "U04P3ELPLN4",
        "U04P7EPCL5R",
        "U04P8LCGBA8",
        "U04P9PBR562",
        "U04PAA4C33R",
        "U04PL8S9ZEZ",
        "U04PTRH3VH8",
        "U04PX4KR14P",
        "U04Q447K5B7",
        "U04Q5NWH7LN",
        "U04Q8824XGX",
        "U04QJNZDDFB",
        "U04RSH8N41W"
    ],
    "topic": {
        "value": "",
        "creator": "",
        "last_set": 0
    },
    "purpose": {
        "value": "",
        "creator": "",
        "last_set": 0
    }
},
{
    "id": "C04MCQMF3DF",
    "name": "00-잡담",
    "created": 1674957958,
    "creator": "U04M05UHX7U",
    "is_archived": false,
    "is_general": true,
    "members": [
        "U04LKPBTEVD",
        "U04LKPBUQ23",
        "U04LKR13MV5",
        "U04LKSJGVGX",
        "U04LKU43D7Z",
        "U04LKU90LQP",
        "U04LKV4QJ6B",
        "U04LL0F5RBR",
        "U04LL25TRDM",
        "U04LL3W0YCF",
        "U04LL3W56F9",
        "U04LL4U62F9",
        "U04LL521XK9",
        "U04LL5E3NMD",
        "U04LL5F20KZ",
        "U04LL5UHC5D",
        "U04LLHES55M",
        "U04LLR36S79",
        "U04LM1LKH0F",
        "U04LMFRQQTH",
        "U04LN2WSWVD",
        "U04LNL0KG31",
        "U04LRKK26LX",
        "U04LTMFBF2A",
        "U04LTMGEMLN",
        "U04LTMVAQ4W",
        "U04LTMXAU3Y",
        "U04LTNE8FHU",
        "U04LTNK3K46",
        "U04LTPT340N",
        "U04LTPY7LES",
        "U04LTQ0M14N",
        "U04LTQ6E486",
        "U04LTQEU346",
        "U04LTT6NJ8N",
        "U04LTUV1LHL",
        "U04LU2NN8TY",
        "U04LUQV2QB0",
        "U04LV1TC17Y",
        "U04LV2JHHB8",
        "U04LVRB5YNS",
        "U04LXBEEHMK",
        "U04LXBG8GAZ",
        "U04LXEQS5PF",
        "U04LXFZ4277",
        "U04LXKBSSQM",
        "U04LXKFJLFP",
        "U04LXKG0729",
        "U04LXLK4EPP",
        "U04LXNGDNH3",
        "U04LXNWJ0HK",
        "U04LXTWCESH",
        "U04LY25D7C5",
        "U04LYELFPLM",
        "U04LYGCMATF",
        "U04LYGJ3945",
        "U04LYGQ3145",
        "U04LYJZ81LM",
        "U04M059CL67",
        "U04M05UHX7U",
        "U04M06CDVC3",
        "U04M06CM95H",
        "U04M0811ZPD",
        "U04M08F2ATD",
        "U04M091M3MZ",
        "U04M09VNDD1",
        "U04M09VRR3L",
        "U04M0AJF3U2",
        "U04M0B0PWMQ",
        "U04M0B1MW67",
        "U04M0B9BKKL",
        "U04M0BDNTRQ",
        "U04M0CJUUCT",
        "U04M0CV8DHR",
        "U04M0D54PEW",
        "U04M0DPAW74",
        "U04M0EN2FM0",
        "U04M0EXUSJE",
        "U04M0EZU3L2",
        "U04M0FCLZAN",
        "U04M0FRJ2KD",
        "U04M0KAADU2",
        "U04M0MUABDY",
        "U04M0NBGTDZ",
        "U04M0NCHHV1",
        "U04M0NEBX6W",
        "U04M0Q6HTQA",
        "U04M0S8UMEW",
        "U04M1ASRNBV",
        "U04M1BA4TK4",
        "U04M1LKNQUB",
        "U04M1LQ8RPX",
        "U04M1MCTFM1",
        "U04M1QA3P6X",
        "U04M1R5SD8A",
        "U04M1RMCVQB",
        "U04M23DV3NE",
        "U04M28JU8TV",
        "U04M2NY6U2Y",
        "U04M2PXD15J",
        "U04M2QK6ZHS",
        "U04M2QTD292",
        "U04M2QUG7NY",
        "U04M2RHBD8U",
        "U04M2RTGHUL",
        "U04M2RVTEH2",
        "U04M2SA3MK6",
        "U04M2SSGVLL",
        "U04M2TEM8TE",
        "U04M2TTHAUU",
        "U04M2U60Y4C",
        "U04M31F24CU",
        "U04M348MYJG",
        "U04M39Q8R19",
        "U04M3QR170C",
        "U04M3UUAZTN",
        "U04M3V6RJLF",
        "U04M40PSS3G",
        "U04M46B4N3W",
        "U04M4K9FT7D",
        "U04M51TDQR0",
        "U04M5D0TQUD",
        "U04M7HPGE7N",
        "U04M89H9Y2F",
        "U04M8MYR30X",
        "U04MADK8SF4",
        "U04MATHDDK6",
        "U04MB9UUFK5",
        "U04MCA1D8G5",
        "U04MCUU74TT",
        "U04MCUY6M33",
        "U04MD0GTCG1",
        "U04MD0HNM4Z",
        "U04MD4D7CBT",
        "U04MDCF8UHF",
        "U04MDCPURTK",
        "U04MDFZ3NTB",
        "U04MDLFJS82",
        "U04ME7ZGH7T",
        "U04ME8KRSHF",
        "U04METS3YHF",
        "U04MG0U2ZS7",
        "U04MGFJCZ6K",
        "U04MHG01CGH",
        "U04MJKA8E92",
        "U04MK3A68J1",
        "U04MMGPP1A5",
        "U04MMPYDYQH",
        "U04MPMM04H1",
        "U04MQ0RCNGY",
        "U04MQ1B2BGQ",
        "U04MQ1ULRUY",
        "U04MQ2J38JC",
        "U04MQ3CJBS4",
        "U04MQ6GUEPJ",
        "U04MQ90NYFJ",
        "U04MQBR8Z5W",
        "U04MQCMBD24",
        "U04MQHDJ12L",
        "U04MQQPQ9C0",
        "U04MR3L76Q0",
        "U04MR4HP9FA",
        "U04MR6SMS0G",
        "U04MR94VA68",
        "U04MSENK2BS",
        "U04MSS3QLEL",
        "U04MT854ETA",
        "U04MUJEQVEC",
        "U04MVVD7NG0",
        "U04MYHXMGAV",
        "U04N5PG7NPJ",
        "U04N5SKBP08",
        "U04NCHEUQP2",
        "U04NCQWNY86",
        "U04NQP19QJ0",
        "U04P3ELPLN4",
        "U04P7EPCL5R",
        "U04P8LCGBA8",
        "U04P9PBR562",
        "U04PAA4C33R",
        "U04PL8S9ZEZ",
        "U04PTRH3VH8",
        "U04PX4KR14P",
        "U04Q447K5B7",
        "U04Q5NWH7LN",
        "U04Q8824XGX",
        "U04QJNZDDFB",
        "U04RSH8N41W"
    ],
    "topic": {
        "value": "",
        "creator": "",
        "last_set": 0
    },
    "purpose": {
        "value": "잡담하는 곳입니다.",
        "creator": "U04M05UHX7U",
        "last_set": 1674964659
    }
},
{
    "id": "C04MCSZLPCZ",
    "name": "01-notice",
    "created": 1674964013,
    "creator": "U04M05UHX7U",
    "is_archived": false,
    "is_general": false,
    "members": [
        "U04LKPBTEVD",
        "U04LKPBUQ23",
        "U04LKR13MV5",
        "U04LKSJGVGX",
        "U04LKU43D7Z",
        "U04LKU90LQP",
        "U04LKV4QJ6B",
        "U04LL0F5RBR",
        "U04LL25TRDM",
        "U04LL3W0YCF",
        "U04LL3W56F9",
        "U04LL4U62F9",
        "U04LL521XK9",
        "U04LL5E3NMD",
        "U04LL5F20KZ",
        "U04LL5UHC5D",
        "U04LLHES55M",
        "U04LLR36S79",
        "U04LM1LKH0F",
        "U04LMFRQQTH",
        "U04LN2WSWVD",
        "U04LNL0KG31",
        "U04LRKK26LX",
        "U04LTMFBF2A",
        "U04LTMGEMLN",
        "U04LTMVAQ4W",
        "U04LTMXAU3Y",
        "U04LTNE8FHU",
        "U04LTNK3K46",
        "U04LTPT340N",
        "U04LTPY7LES",
        "U04LTQ0M14N",
        "U04LTQ6E486",
        "U04LTQEU346",
        "U04LTT6NJ8N",
        "U04LTUV1LHL",
        "U04LU2NN8TY",
        "U04LUQV2QB0",
        "U04LV1TC17Y",
        "U04LV2JHHB8",
        "U04LVRB5YNS",
        "U04LXBEEHMK",
        "U04LXBG8GAZ",
        "U04LXEQS5PF",
        "U04LXFZ4277",
        "U04LXKBSSQM",
        "U04LXKFJLFP",
        "U04LXKG0729",
        "U04LXLK4EPP",
        "U04LXNGDNH3",
        "U04LXNWJ0HK",
        "U04LXTWCESH",
        "U04LY25D7C5",
        "U04LYELFPLM",
        "U04LYGCMATF",
        "U04LYGJ3945",
        "U04LYGQ3145",
        "U04LYJZ81LM",
        "U04M059CL67",
        "U04M05UHX7U",
        "U04M06CDVC3",
        "U04M06CM95H",
        "U04M0811ZPD",
        "U04M08F2ATD",
        "U04M091M3MZ",
        "U04M09VNDD1",
        "U04M09VRR3L",
        "U04M0AJF3U2",
        "U04M0B0PWMQ",
        "U04M0B1MW67",
        "U04M0B9BKKL",
        "U04M0BDNTRQ",
        "U04M0CJUUCT",
        "U04M0CV8DHR",
        "U04M0D54PEW",
        "U04M0DPAW74",
        "U04M0EN2FM0",
        "U04M0EXUSJE",
        "U04M0EZU3L2",
        "U04M0FCLZAN",
        "U04M0FRJ2KD",
        "U04M0KAADU2",
        "U04M0MUABDY",
        "U04M0NBGTDZ",
        "U04M0NCHHV1",
        "U04M0NEBX6W",
        "U04M0Q6HTQA",
        "U04M0S8UMEW",
        "U04M1ASRNBV",
        "U04M1BA4TK4",
        "U04M1LKNQUB",
        "U04M1LQ8RPX",
        "U04M1MCTFM1",
        "U04M1QA3P6X",
        "U04M1R5SD8A",
        "U04M1RMCVQB",
        "U04M23DV3NE",
        "U04M28JU8TV",
        "U04M2NY6U2Y",
        "U04M2PXD15J",
        "U04M2QK6ZHS",
        "U04M2QTD292",
        "U04M2QUG7NY",
        "U04M2RHBD8U",
        "U04M2RTGHUL",
        "U04M2RVTEH2",
        "U04M2SA3MK6",
        "U04M2SSGVLL",
        "U04M2TEM8TE",
        "U04M2TTHAUU",
        "U04M2U60Y4C",
        "U04M31F24CU",
        "U04M348MYJG",
        "U04M39Q8R19",
        "U04M3QR170C",
        "U04M3UUAZTN",
        "U04M3V6RJLF",
        "U04M40PSS3G",
        "U04M46B4N3W",
        "U04M4K9FT7D",
        "U04M51TDQR0",
        "U04M5D0TQUD",
        "U04M7HPGE7N",
        "U04M89H9Y2F",
        "U04M8MYR30X",
        "U04MADK8SF4",
        "U04MATHDDK6",
        "U04MB9UUFK5",
        "U04MCA1D8G5",
        "U04MCUU74TT",
        "U04MCUY6M33",
        "U04MD0GTCG1",
        "U04MD0HNM4Z",
        "U04MD4D7CBT",
        "U04MDCF8UHF",
        "U04MDCPURTK",
        "U04MDFZ3NTB",
        "U04MDLFJS82",
        "U04ME7ZGH7T",
        "U04ME8KRSHF",
        "U04METS3YHF",
        "U04MG0U2ZS7",
        "U04MGFJCZ6K",
        "U04MHG01CGH",
        "U04MJKA8E92",
        "U04MK3A68J1",
        "U04MMGPP1A5",
        "U04MMPYDYQH",
        "U04MPMM04H1",
        "U04MQ0RCNGY",
        "U04MQ1B2BGQ",
        "U04MQ1ULRUY",
        "U04MQ2J38JC",
        "U04MQ3CJBS4",
        "U04MQ6GUEPJ",
        "U04MQ90NYFJ",
        "U04MQBR8Z5W",
        "U04MQCMBD24",
        "U04MQHDJ12L",
        "U04MQQPQ9C0",
        "U04MR3L76Q0",
        "U04MR4HP9FA",
        "U04MR6SMS0G",
        "U04MR94VA68",
        "U04MSENK2BS",
        "U04MSS3QLEL",
        "U04MT854ETA",
        "U04MUJEQVEC",
        "U04MVVD7NG0",
        "U04MYHXMGAV",
        "U04N5PG7NPJ",
        "U04N5SKBP08",
        "U04NCHEUQP2",
        "U04NCQWNY86",
        "U04NQP19QJ0",
        "U04P3ELPLN4",
        "U04P7EPCL5R",
        "U04P8LCGBA8",
        "U04P9PBR562",
        "U04PAA4C33R",
        "U04PL8S9ZEZ",
        "U04PTRH3VH8",
        "U04PX4KR14P",
        "U04Q447K5B7",
        "U04Q5NWH7LN",
        "U04Q8824XGX",
        "U04QJNZDDFB",
        "U04RSH8N41W"
    ],
    "topic": {
        "value": "",
        "creator": "",
        "last_set": 0
    },
    "purpose": {
        "value": "공지 사항\n- 이름은 이름\/소속으로 부탁드립니다.\n- 논문리뷰\/질문\/기술 센싱 자유롭게 남겨주세요.",
        "creator": "U04M05UHX7U",
        "last_set": 1674968257
    }
},
{
    "id": "C04MCT13UNM",
    "name": "14-nlp-경량화",
    "created": 1674964129,
    "creator": "U04M05UHX7U",
    "is_archived": false,
    "is_general": false,
    "members": [
        "U04LKPBTEVD",
        "U04LKPBUQ23",
        "U04LKR13MV5",
        "U04LKSJGVGX",
        "U04LKU43D7Z",
        "U04LKU90LQP",
        "U04LKV4QJ6B",
        "U04LL0F5RBR",
        "U04LL25TRDM",
        "U04LL3W0YCF",
        "U04LL3W56F9",
        "U04LL4U62F9",
        "U04LL521XK9",
        "U04LL5E3NMD",
        "U04LL5F20KZ",
        "U04LL5UHC5D",
        "U04LLHES55M",
        "U04LLR36S79",
        "U04LM1LKH0F",
        "U04LMFRQQTH",
        "U04LN2WSWVD",
        "U04LNL0KG31",
        "U04LRKK26LX",
        "U04LTMFBF2A",
        "U04LTMGEMLN",
        "U04LTMVAQ4W",
        "U04LTMXAU3Y",
        "U04LTNE8FHU",
        "U04LTNK3K46",
        "U04LTPT340N",
        "U04LTPY7LES",
        "U04LTQ0M14N",
        "U04LTQ6E486",
        "U04LTQEU346",
        "U04LTT6NJ8N",
        "U04LTUV1LHL",
        "U04LU2NN8TY",
        "U04LUQV2QB0",
        "U04LV1TC17Y",
        "U04LV2JHHB8",
        "U04LVRB5YNS",
        "U04LXBEEHMK",
        "U04LXBG8GAZ",
        "U04LXEQS5PF",
        "U04LXFZ4277",
        "U04LXKBSSQM",
        "U04LXKFJLFP",
        "U04LXKG0729",
        "U04LXLK4EPP",
        "U04LXNGDNH3",
        "U04LXNWJ0HK",
        "U04LXTWCESH",
        "U04LY25D7C5",
        "U04LYELFPLM",
        "U04LYGCMATF",
        "U04LYGJ3945",
        "U04LYGQ3145",
        "U04LYJZ81LM",
        "U04M059CL67",
        "U04M05UHX7U",
        "U04M06CDVC3",
        "U04M06CM95H",
        "U04M0811ZPD",
        "U04M08F2ATD",
        "U04M091M3MZ",
        "U04M09VNDD1",
        "U04M09VRR3L",
        "U04M0AJF3U2",
        "U04M0B0PWMQ",
        "U04M0B1MW67",
        "U04M0B9BKKL",
        "U04M0BDNTRQ",
        "U04M0CJUUCT",
        "U04M0CV8DHR",
        "U04M0D54PEW",
        "U04M0DPAW74",
        "U04M0EN2FM0",
        "U04M0EXUSJE",
        "U04M0EZU3L2",
        "U04M0FCLZAN",
        "U04M0FRJ2KD",
        "U04M0KAADU2",
        "U04M0MUABDY",
        "U04M0NBGTDZ",
        "U04M0NCHHV1",
        "U04M0NEBX6W",
        "U04M0Q6HTQA",
        "U04M0S8UMEW",
        "U04M1ASRNBV",
        "U04M1BA4TK4",
        "U04M1LKNQUB",
        "U04M1LQ8RPX",
        "U04M1MCTFM1",
        "U04M1QA3P6X",
        "U04M1R5SD8A",
        "U04M1RMCVQB",
        "U04M23DV3NE",
        "U04M28JU8TV",
        "U04M2NY6U2Y",
        "U04M2PXD15J",
        "U04M2QK6ZHS",
        "U04M2QTD292",
        "U04M2QUG7NY",
        "U04M2RHBD8U",
        "U04M2RTGHUL",
        "U04M2RVTEH2",
        "U04M2SA3MK6",
        "U04M2SSGVLL",
        "U04M2TEM8TE",
        "U04M2TTHAUU",
        "U04M2U60Y4C",
        "U04M31F24CU",
        "U04M348MYJG",
        "U04M39Q8R19",
        "U04M3QR170C",
        "U04M3UUAZTN",
        "U04M3V6RJLF",
        "U04M40PSS3G",
        "U04M46B4N3W",
        "U04M4K9FT7D",
        "U04M51TDQR0",
        "U04M5D0TQUD",
        "U04M7HPGE7N",
        "U04M89H9Y2F",
        "U04M8MYR30X",
        "U04MADK8SF4",
        "U04MATHDDK6",
        "U04MB9UUFK5",
        "U04MCA1D8G5",
        "U04MCUU74TT",
        "U04MCUY6M33",
        "U04MD0GTCG1",
        "U04MD0HNM4Z",
        "U04MD4D7CBT",
        "U04MDCF8UHF",
        "U04MDCPURTK",
        "U04MDFZ3NTB",
        "U04MDLFJS82",
        "U04ME7ZGH7T",
        "U04ME8KRSHF",
        "U04METS3YHF",
        "U04MG0U2ZS7",
        "U04MGFJCZ6K",
        "U04MHG01CGH",
        "U04MJKA8E92",
        "U04MK3A68J1",
        "U04MMGPP1A5",
        "U04MMPYDYQH",
        "U04MPMM04H1",
        "U04MQ0RCNGY",
        "U04MQ1B2BGQ",
        "U04MQ1ULRUY",
        "U04MQ2J38JC",
        "U04MQ3CJBS4",
        "U04MQ6GUEPJ",
        "U04MQ90NYFJ",
        "U04MQBR8Z5W",
        "U04MQCMBD24",
        "U04MQHDJ12L",
        "U04MQQPQ9C0",
        "U04MR3L76Q0",
        "U04MR4HP9FA",
        "U04MR6SMS0G",
        "U04MR94VA68",
        "U04MSENK2BS",
        "U04MSS3QLEL",
        "U04MT854ETA",
        "U04MUJEQVEC",
        "U04MVVD7NG0",
        "U04MYHXMGAV",
        "U04N5PG7NPJ",
        "U04N5SKBP08",
        "U04NCHEUQP2",
        "U04NCQWNY86",
        "U04NQP19QJ0",
        "U04P3ELPLN4",
        "U04P7EPCL5R",
        "U04P8LCGBA8",
        "U04P9PBR562",
        "U04PAA4C33R",
        "U04PL8S9ZEZ",
        "U04PTRH3VH8",
        "U04PX4KR14P",
        "U04Q447K5B7",
        "U04Q5NWH7LN",
        "U04Q8824XGX",
        "U04QJNZDDFB",
        "U04RSH8N41W"
    ],
    "topic": {
        "value": "",
        "creator": "",
        "last_set": 0
    },
    "purpose": {
        "value": "",
        "creator": "",
        "last_set": 0
    }
},
{
    "id": "C04MCT72JBB",
    "name": "23-hw",
    "created": 1674964625,
    "creator": "U04M05UHX7U",
    "is_archived": false,
    "is_general": false,
    "members": [
        "U04LKPBTEVD",
        "U04LKPBUQ23",
        "U04LKR13MV5",
        "U04LKSJGVGX",
        "U04LKU43D7Z",
        "U04LKU90LQP",
        "U04LKV4QJ6B",
        "U04LL0F5RBR",
        "U04LL25TRDM",
        "U04LL3W0YCF",
        "U04LL3W56F9",
        "U04LL4U62F9",
        "U04LL521XK9",
        "U04LL5E3NMD",
        "U04LL5F20KZ",
        "U04LL5UHC5D",
        "U04LLHES55M",
        "U04LLR36S79",
        "U04LM1LKH0F",
        "U04LMFRQQTH",
        "U04LN2WSWVD",
        "U04LNL0KG31",
        "U04LRKK26LX",
        "U04LTMFBF2A",
        "U04LTMGEMLN",
        "U04LTMVAQ4W",
        "U04LTMXAU3Y",
        "U04LTNE8FHU",
        "U04LTNK3K46",
        "U04LTPT340N",
        "U04LTPY7LES",
        "U04LTQ0M14N",
        "U04LTQ6E486",
        "U04LTQEU346",
        "U04LTT6NJ8N",
        "U04LTUV1LHL",
        "U04LU2NN8TY",
        "U04LUQV2QB0",
        "U04LV1TC17Y",
        "U04LV2JHHB8",
        "U04LVRB5YNS",
        "U04LXBEEHMK",
        "U04LXBG8GAZ",
        "U04LXEQS5PF",
        "U04LXFZ4277",
        "U04LXKBSSQM",
        "U04LXKFJLFP",
        "U04LXKG0729",
        "U04LXLK4EPP",
        "U04LXNGDNH3",
        "U04LXNWJ0HK",
        "U04LXTWCESH",
        "U04LY25D7C5",
        "U04LYELFPLM",
        "U04LYGCMATF",
        "U04LYGJ3945",
        "U04LYGQ3145",
        "U04LYJZ81LM",
        "U04M059CL67",
        "U04M05UHX7U",
        "U04M06CDVC3",
        "U04M06CM95H",
        "U04M0811ZPD",
        "U04M08F2ATD",
        "U04M091M3MZ",
        "U04M09VNDD1",
        "U04M09VRR3L",
        "U04M0AJF3U2",
        "U04M0B0PWMQ",
        "U04M0B1MW67",
        "U04M0B9BKKL",
        "U04M0BDNTRQ",
        "U04M0CJUUCT",
        "U04M0CV8DHR",
        "U04M0D54PEW",
        "U04M0DPAW74",
        "U04M0EN2FM0",
        "U04M0EXUSJE",
        "U04M0EZU3L2",
        "U04M0FCLZAN",
        "U04M0FRJ2KD",
        "U04M0KAADU2",
        "U04M0MUABDY",
        "U04M0NBGTDZ",
        "U04M0NCHHV1",
        "U04M0NEBX6W",
        "U04M0Q6HTQA",
        "U04M0S8UMEW",
        "U04M1ASRNBV",
        "U04M1BA4TK4",
        "U04M1LKNQUB",
        "U04M1LQ8RPX",
        "U04M1MCTFM1",
        "U04M1QA3P6X",
        "U04M1R5SD8A",
        "U04M1RMCVQB",
        "U04M23DV3NE",
        "U04M28JU8TV",
        "U04M2NY6U2Y",
        "U04M2PXD15J",
        "U04M2QK6ZHS",
        "U04M2QTD292",
        "U04M2QUG7NY",
        "U04M2RHBD8U",
        "U04M2RTGHUL",
        "U04M2RVTEH2",
        "U04M2SA3MK6",
        "U04M2SSGVLL",
        "U04M2TEM8TE",
        "U04M2TTHAUU",
        "U04M2U60Y4C",
        "U04M31F24CU",
        "U04M348MYJG",
        "U04M39Q8R19",
        "U04M3QR170C",
        "U04M3UUAZTN",
        "U04M3V6RJLF",
        "U04M40PSS3G",
        "U04M46B4N3W",
        "U04M4K9FT7D",
        "U04M51TDQR0",
        "U04M5D0TQUD",
        "U04M7HPGE7N",
        "U04M89H9Y2F",
        "U04M8MYR30X",
        "U04MADK8SF4",
        "U04MATHDDK6",
        "U04MB9UUFK5",
        "U04MCA1D8G5",
        "U04MCUU74TT",
        "U04MCUY6M33",
        "U04MD0GTCG1",
        "U04MD0HNM4Z",
        "U04MD4D7CBT",
        "U04MDCF8UHF",
        "U04MDCPURTK",
        "U04MDFZ3NTB",
        "U04MDLFJS82",
        "U04ME7ZGH7T",
        "U04ME8KRSHF",
        "U04METS3YHF",
        "U04MG0U2ZS7",
        "U04MGFJCZ6K",
        "U04MHG01CGH",
        "U04MJKA8E92",
        "U04MK3A68J1",
        "U04MMGPP1A5",
        "U04MMPYDYQH",
        "U04MPMM04H1",
        "U04MQ0RCNGY",
        "U04MQ1B2BGQ",
        "U04MQ1ULRUY",
        "U04MQ2J38JC",
        "U04MQ3CJBS4",
        "U04MQ6GUEPJ",
        "U04MQ90NYFJ",
        "U04MQBR8Z5W",
        "U04MQCMBD24",
        "U04MQHDJ12L",
        "U04MQQPQ9C0",
        "U04MR3L76Q0",
        "U04MR4HP9FA",
        "U04MR6SMS0G",
        "U04MR94VA68",
        "U04MSENK2BS",
        "U04MSS3QLEL",
        "U04MT854ETA",
        "U04MUJEQVEC",
        "U04MVVD7NG0",
        "U04MYHXMGAV",
        "U04N5PG7NPJ",
        "U04N5SKBP08",
        "U04NCHEUQP2",
        "U04NCQWNY86",
        "U04NQP19QJ0",
        "U04P3ELPLN4",
        "U04P7EPCL5R",
        "U04P8LCGBA8",
        "U04P9PBR562",
        "U04PAA4C33R",
        "U04PL8S9ZEZ",
        "U04PTRH3VH8",
        "U04PX4KR14P",
        "U04Q447K5B7",
        "U04Q5NWH7LN",
        "U04Q8824XGX",
        "U04QJNZDDFB",
        "U04RSH8N41W"
    ],
    "topic": {
        "value": "",
        "creator": "",
        "last_set": 0
    },
    "purpose": {
        "value": "",
        "creator": "",
        "last_set": 0
    }
},
{
    "id": "C04MPUQRPPA",
    "name": "90-딥러닝-일반",
    "created": 1674964505,
    "creator": "U04M05UHX7U",
    "is_archived": false,
    "is_general": false,
    "members": [
        "U04LKPBTEVD",
        "U04LKPBUQ23",
        "U04LKR13MV5",
        "U04LKSJGVGX",
        "U04LKU43D7Z",
        "U04LKU90LQP",
        "U04LKV4QJ6B",
        "U04LL0F5RBR",
        "U04LL25TRDM",
        "U04LL3W0YCF",
        "U04LL3W56F9",
        "U04LL4U62F9",
        "U04LL521XK9",
        "U04LL5E3NMD",
        "U04LL5F20KZ",
        "U04LL5UHC5D",
        "U04LLHES55M",
        "U04LLR36S79",
        "U04LM1LKH0F",
        "U04LMFRQQTH",
        "U04LN2WSWVD",
        "U04LNL0KG31",
        "U04LRKK26LX",
        "U04LTMFBF2A",
        "U04LTMGEMLN",
        "U04LTMVAQ4W",
        "U04LTMXAU3Y",
        "U04LTNE8FHU",
        "U04LTNK3K46",
        "U04LTPT340N",
        "U04LTPY7LES",
        "U04LTQ0M14N",
        "U04LTQ6E486",
        "U04LTQEU346",
        "U04LTT6NJ8N",
        "U04LTUV1LHL",
        "U04LU2NN8TY",
        "U04LUQV2QB0",
        "U04LV1TC17Y",
        "U04LV2JHHB8",
        "U04LVRB5YNS",
        "U04LXBEEHMK",
        "U04LXBG8GAZ",
        "U04LXEQS5PF",
        "U04LXFZ4277",
        "U04LXKBSSQM",
        "U04LXKFJLFP",
        "U04LXKG0729",
        "U04LXLK4EPP",
        "U04LXNGDNH3",
        "U04LXNWJ0HK",
        "U04LXTWCESH",
        "U04LY25D7C5",
        "U04LYELFPLM",
        "U04LYGCMATF",
        "U04LYGJ3945",
        "U04LYGQ3145",
        "U04LYJZ81LM",
        "U04M059CL67",
        "U04M05UHX7U",
        "U04M06CDVC3",
        "U04M06CM95H",
        "U04M0811ZPD",
        "U04M08F2ATD",
        "U04M091M3MZ",
        "U04M09VNDD1",
        "U04M09VRR3L",
        "U04M0AJF3U2",
        "U04M0B0PWMQ",
        "U04M0B1MW67",
        "U04M0B9BKKL",
        "U04M0BDNTRQ",
        "U04M0CJUUCT",
        "U04M0CV8DHR",
        "U04M0D54PEW",
        "U04M0DPAW74",
        "U04M0EN2FM0",
        "U04M0EXUSJE",
        "U04M0EZU3L2",
        "U04M0FCLZAN",
        "U04M0FRJ2KD",
        "U04M0KAADU2",
        "U04M0MUABDY",
        "U04M0NBGTDZ",
        "U04M0NCHHV1",
        "U04M0NEBX6W",
        "U04M0Q6HTQA",
        "U04M0S8UMEW",
        "U04M1ASRNBV",
        "U04M1BA4TK4",
        "U04M1LKNQUB",
        "U04M1LQ8RPX",
        "U04M1MCTFM1",
        "U04M1QA3P6X",
        "U04M1R5SD8A",
        "U04M1RMCVQB",
        "U04M23DV3NE",
        "U04M28JU8TV",
        "U04M2NY6U2Y",
        "U04M2PXD15J",
        "U04M2QK6ZHS",
        "U04M2QTD292",
        "U04M2QUG7NY",
        "U04M2RHBD8U",
        "U04M2RTGHUL",
        "U04M2RVTEH2",
        "U04M2SA3MK6",
        "U04M2SSGVLL",
        "U04M2TEM8TE",
        "U04M2TTHAUU",
        "U04M2U60Y4C",
        "U04M31F24CU",
        "U04M348MYJG",
        "U04M39Q8R19",
        "U04M3QR170C",
        "U04M3UUAZTN",
        "U04M3V6RJLF",
        "U04M40PSS3G",
        "U04M46B4N3W",
        "U04M4K9FT7D",
        "U04M51TDQR0",
        "U04M5D0TQUD",
        "U04M7HPGE7N",
        "U04M89H9Y2F",
        "U04M8MYR30X",
        "U04MADK8SF4",
        "U04MATHDDK6",
        "U04MB9UUFK5",
        "U04MCA1D8G5",
        "U04MCUU74TT",
        "U04MCUY6M33",
        "U04MD0GTCG1",
        "U04MD0HNM4Z",
        "U04MD4D7CBT",
        "U04MDCF8UHF",
        "U04MDCPURTK",
        "U04MDFZ3NTB",
        "U04MDLFJS82",
        "U04ME7ZGH7T",
        "U04ME8KRSHF",
        "U04METS3YHF",
        "U04MG0U2ZS7",
        "U04MGFJCZ6K",
        "U04MHG01CGH",
        "U04MJKA8E92",
        "U04MK3A68J1",
        "U04MMGPP1A5",
        "U04MMPYDYQH",
        "U04MPMM04H1",
        "U04MQ0RCNGY",
        "U04MQ1B2BGQ",
        "U04MQ1ULRUY",
        "U04MQ2J38JC",
        "U04MQ3CJBS4",
        "U04MQ6GUEPJ",
        "U04MQ90NYFJ",
        "U04MQBR8Z5W",
        "U04MQCMBD24",
        "U04MQHDJ12L",
        "U04MQQPQ9C0",
        "U04MR3L76Q0",
        "U04MR4HP9FA",
        "U04MR6SMS0G",
        "U04MR94VA68",
        "U04MSENK2BS",
        "U04MSS3QLEL",
        "U04MT854ETA",
        "U04MUJEQVEC",
        "U04MVVD7NG0",
        "U04MYHXMGAV",
        "U04N5PG7NPJ",
        "U04N5SKBP08",
        "U04NCHEUQP2",
        "U04NCQWNY86",
        "U04NQP19QJ0",
        "U04P3ELPLN4",
        "U04P7EPCL5R",
        "U04P8LCGBA8",
        "U04P9PBR562",
        "U04PAA4C33R",
        "U04PL8S9ZEZ",
        "U04PTRH3VH8",
        "U04PX4KR14P",
        "U04Q447K5B7",
        "U04Q5NWH7LN",
        "U04Q8824XGX",
        "U04QJNZDDFB",
        "U04RSH8N41W"
    ],
    "topic": {
        "value": "",
        "creator": "",
        "last_set": 0
    },
    "purpose": {
        "value": "",
        "creator": "",
        "last_set": 0
    }
}
]