[
    {
        "client_msg_id": "c5e4283f-8c0b-4ee4-820c-a4a52350aa63",
        "type": "message",
        "text": "덕분에 재밌게 잘 들었습니다 :slightly_smiling_face:\n감사해요!",
        "user": "U04M091M3MZ",
        "ts": "1680152465.796019",
        "blocks": [
            {
                "type": "rich_text",
                "block_id": "jQD",
                "elements": [
                    {
                        "type": "rich_text_section",
                        "elements": [
                            {
                                "type": "text",
                                "text": "덕분에 재밌게 잘 들었습니다 "
                            },
                            {
                                "type": "emoji",
                                "name": "slightly_smiling_face",
                                "unicode": "1f642"
                            },
                            {
                                "type": "text",
                                "text": "\n감사해요!"
                            }
                        ]
                    }
                ]
            }
        ],
        "team": "T04MCQMEXQ9",
        "user_team": "T04MCQMEXQ9",
        "source_team": "T04MCQMEXQ9",
        "user_profile": {
            "avatar_hash": "7db5f8f30815",
            "image_72": "https:\/\/avatars.slack-edge.com\/2023-01-28\/4707823773350_7db5f8f30815f749cb56_72.png",
            "first_name": "신종훈\/딥엑스",
            "real_name": "신종훈\/딥엑스",
            "display_name": "",
            "team": "T04MCQMEXQ9",
            "name": "jh.michael.shin",
            "is_restricted": false,
            "is_ultra_restricted": false
        },
        "thread_ts": "1679540808.803729",
        "parent_user_id": "U04M2NY6U2Y",
        "reactions": [
            {
                "name": "man-bowing",
                "users": [
                    "U04M2NY6U2Y"
                ],
                "count": 1
            }
        ]
    }
]